[
  {
    "Id": "918927",
    "ThreadId": "397278",
    "Html": "\r\n<p>Hello,</p>\r\n<p>Could I use DocumentBuilder to copy content of one table cell to another document?</p>\r\n<p>Is it possible to describe content of the one table cell as a Source?</p>\r\n<p>Thanks.</p>\r\n",
    "PostedDate": "2012-09-28T03:45:32.903-07:00",
    "UserRole": null,
    "MarkedAsAnswerDate": null
  },
  {
    "Id": "918972",
    "ThreadId": "397278",
    "Html": "<p>Hi,</p>\r\n<p>No, the granularity of a source is at the table level.&nbsp; It is a good idea, though.</p>\r\n<p>-Eric</p>",
    "PostedDate": "2012-09-28T06:18:27.433-07:00",
    "UserRole": null,
    "MarkedAsAnswerDate": null
  },
  {
    "Id": "918984",
    "ThreadId": "397278",
    "Html": "\r\n<p>Hi,</p>\r\n<p>I can already offer a solution. &nbsp;We can define ISource interface for sources (that&nbsp;encapsulate&nbsp;a content extraction from source document), and implement DocumentBuilder in terms of ISource. &nbsp;Draft version you can find here -&nbsp;<a href=\"https://gist.github.com/3799925\">https://gist.github.com/3799925</a>&nbsp;(tiny\r\n changes&nbsp;require&nbsp;into MergeOpenXmlDocumentCmdlet.cs)</p>\r\n<p>After that we can define new Source for table cells - something like that&nbsp;<a href=\"https://gist.github.com/3799948\">https://gist.github.com/3799948</a></p>\r\n<p>What do you think about such changes?</p>\r\n",
    "PostedDate": "2012-09-28T06:48:44.72-07:00",
    "UserRole": null,
    "MarkedAsAnswerDate": null
  }
]