[
  {
    "Id": "112142",
    "ThreadId": "33840",
    "Html": "<span>Hi,<br>\r\n<br>\r\nI have this error :<br>\r\n<br>\r\nPS C:\\PS&gt; Export-OpenXmlToHtml -Path 'cyberlex.docx' -HtmlOutputName 'default.html' -OutputPath 'C:\\PS' -XslPath 'c:\\ps'<br>\r\nExport-OpenXmlToHtml : L'accès au chemin d'accès 'C:\\ps' est refusé.<br>\r\nAt line:1 char:21<br>\r\n+ Export-OpenXmlToHtml &lt;&lt;&lt;&lt; -Path 'cyberlex.docx' -HtmlOutputName 'default.html' -OutputPath 'C:\\PS' -XslPath 'c:\\ps'<br>\r\n<br>\r\nI really don't know how to make it work.</span>\r\n",
    "PostedDate": "2008-08-19T12:32:31.623-07:00",
    "UserRole": null,
    "MarkedAsAnswerDate": null
  },
  {
    "Id": "112231",
    "ThreadId": "33840",
    "Html": "Hi!<br>\r\n<br>\r\nYou would need to give the full path to the xsl transformation to be applied to the document. Locate the xlst you want to use and give the full path to it.\r\n",
    "PostedDate": "2008-08-19T20:58:29.533-07:00",
    "UserRole": null,
    "MarkedAsAnswerDate": null
  },
  {
    "Id": "112337",
    "ThreadId": "33840",
    "Html": "Hi,<br>\r\n<br>\r\nThank you for the quick reply Roger! I used the binairies from http://staffdotnet.com/services/powertools.html. I still have this error when i'm using full path.<br>\r\n<br>\r\n<br>\r\nPS C:\\&gt; Export-OpenXmlToHtml -Packing -Path 'c:\\ps\\cyberlex.docx' -HtmlOutputName 'c:\\ps\\default.html' -OutputPath 'c:\\ps\\htmlOut' -XslPath 'c:\\ps\\DocX2Html.xsl'<br>\r\nExport-OpenXmlToHtml : Could not find a part of the path 'C:\\ps\\htmlOut\\'.<br>\r\nAt line:1 char:21<br>\r\n+ Export-OpenXmlToHtml&nbsp; &lt;&lt;&lt;&lt; -Packing -Path 'c:\\ps\\cyberlex.docx' -HtmlOutputName 'c:\\ps\\default.html' -OutputPath 'c:\\ps\\htmlOut' -XslPath 'c:\\ps\\DocX2Html.xsl'\r\n",
    "PostedDate": "2008-08-20T07:37:28.943-07:00",
    "UserRole": null,
    "MarkedAsAnswerDate": null
  },
  {
    "Id": "131201",
    "ThreadId": "33840",
    "Html": "Sorry for the slow reply...<br>\r\n<br>\r\nThe error seems to indicate that the folder &quot;htmlOut&quot; does not exist. The cmdlet will not create a folder if it does not already exist.<br>\r\n<br>\r\n",
    "PostedDate": "2008-11-09T11:56:40.657-08:00",
    "UserRole": null,
    "MarkedAsAnswerDate": null
  }
]