[
  {
    "Id": "835391",
    "ThreadId": "355533",
    "Html": "<p>Is there somewhere to download pre-compiled binaries from? Looked but couldn't find it.</p>\n<p>--</p>\n<p>Bob</p>",
    "PostedDate": "2012-05-11T22:23:46.057-07:00",
    "UserRole": null,
    "MarkedAsAnswerDate": null
  },
  {
    "Id": "835402",
    "ThreadId": "355533",
    "Html": "<p>Built it OK, but now I'm wondering if SimplifyMarkup (<a href=\"http://blogs.msdn.com/b/ericwhite/archive/2010/02/08/enabling-better-transformations-by-simplifying-open-xml-wordprocessingml-markup.aspx\">http://blogs.msdn.com/b/ericwhite/archive/2010/02/08/enabling-better-transformations-by-simplifying-open-xml-wordprocessingml-markup.aspx</a>)&nbsp;is available as a cmdlet. I'm particularly interested in scrunching together runs, and Remove-OpenXmlMarkup doesn't seem to do this.</p>\r\n<p>--</p>\r\n<p>Bob</p>",
    "PostedDate": "2012-05-11T23:05:21.677-07:00",
    "UserRole": null,
    "MarkedAsAnswerDate": null
  },
  {
    "Id": "835647",
    "ThreadId": "355533",
    "Html": "<p>I now see that Remove-OpenXmlMarkup does indeed do SimplifyMarkup and in particular should combine adjacent runs. However, it is failing to do that on a very simple file. Here is the portion of document.xml in question. Any thoughts?</p>\r\n<p>\r\n<div style=\"color: black; background-color: white;\">\r\n<pre><span style=\"color: blue;\">&lt;</span><span style=\"color: #a31515;\">w</span><span style=\"color: blue;\">:</span><span style=\"color: #a31515;\">p</span><span style=\"color: blue;\">&gt;</span>\r\n  <span style=\"color: blue;\">&lt;</span><span style=\"color: #a31515;\">w</span><span style=\"color: blue;\">:</span><span style=\"color: #a31515;\">pPr</span><span style=\"color: blue;\">&gt;</span><span style=\"color: blue;\">&lt;</span><span style=\"color: #a31515;\">w</span><span style=\"color: blue;\">:</span><span style=\"color: #a31515;\">jc</span> <span style=\"color: red;\">w:val</span><span style=\"color: blue;\">=</span><span style=\"color: black;\">\"</span><span style=\"color: blue;\">center</span><span style=\"color: black;\">\"</span> <span style=\"color: blue;\">/&gt;</span><span style=\"color: blue;\">&lt;/</span><span style=\"color: #a31515;\">w</span><span style=\"color: blue;\">:</span><span style=\"color: #a31515;\">pPr</span><span style=\"color: blue;\">&gt;</span><span style=\"color: blue;\">&lt;</span><span style=\"color: #a31515;\">w</span><span style=\"color: blue;\">:</span><span style=\"color: #a31515;\">bookmarkStart</span> <span style=\"color: red;\">w:id</span><span style=\"color: blue;\">=</span><span style=\"color: black;\">\"</span><span style=\"color: blue;\">0</span><span style=\"color: black;\">\"</span> <span style=\"color: red;\">w:name</span><span style=\"color: blue;\">=</span><span style=\"color: black;\">\"</span><span style=\"color: blue;\">_GoBack</span><span style=\"color: black;\">\"</span> <span style=\"color: blue;\">/&gt;</span><span style=\"color: blue;\">&lt;</span><span style=\"color: #a31515;\">w</span><span style=\"color: blue;\">:</span><span style=\"color: #a31515;\">bookmarkEnd</span> <span style=\"color: red;\">w:id</span><span style=\"color: blue;\">=</span><span style=\"color: black;\">\"</span><span style=\"color: blue;\">0</span><span style=\"color: black;\">\"</span> <span style=\"color: blue;\">/&gt;</span>\r\n\r\n<span style=\"color: blue;\">&lt;</span><span style=\"color: #a31515;\">w</span><span style=\"color: blue;\">:</span><span style=\"color: #a31515;\">r</span><span style=\"color: blue;\">&gt;</span>\r\n  <span style=\"color: blue;\">&lt;</span><span style=\"color: #a31515;\">w</span><span style=\"color: blue;\">:</span><span style=\"color: #a31515;\">rPr</span><span style=\"color: blue;\">&gt;</span>\r\n    <span style=\"color: blue;\">&lt;</span><span style=\"color: #a31515;\">w</span><span style=\"color: blue;\">:</span><span style=\"color: #a31515;\">rFonts</span> <span style=\"color: red;\">w:hint</span><span style=\"color: blue;\">=</span><span style=\"color: black;\">\"</span><span style=\"color: blue;\">eastAsia</span><span style=\"color: black;\">\"</span> <span style=\"color: blue;\">/&gt;</span>\r\n  <span style=\"color: blue;\">&lt;/</span><span style=\"color: #a31515;\">w</span><span style=\"color: blue;\">:</span><span style=\"color: #a31515;\">rPr</span><span style=\"color: blue;\">&gt;</span>\r\n  <span style=\"color: blue;\">&lt;</span><span style=\"color: #a31515;\">w</span><span style=\"color: blue;\">:</span><span style=\"color: #a31515;\">t</span><span style=\"color: blue;\">&gt;</span>&amp;#20316;&amp;#25104;&amp;#26085;&amp;#65306;<span style=\"color: blue;\">&lt;/</span><span style=\"color: #a31515;\">w</span><span style=\"color: blue;\">:</span><span style=\"color: #a31515;\">t</span><span style=\"color: blue;\">&gt;</span>\r\n<span style=\"color: blue;\">&lt;/</span><span style=\"color: #a31515;\">w</span><span style=\"color: blue;\">:</span><span style=\"color: #a31515;\">r</span><span style=\"color: blue;\">&gt;</span>\r\n<span style=\"color: blue;\">&lt;</span><span style=\"color: #a31515;\">w</span><span style=\"color: blue;\">:</span><span style=\"color: #a31515;\">r</span><span style=\"color: blue;\">&gt;</span>\r\n  <span style=\"color: blue;\">&lt;</span><span style=\"color: #a31515;\">w</span><span style=\"color: blue;\">:</span><span style=\"color: #a31515;\">t</span><span style=\"color: blue;\">&gt;</span>201<span style=\"color: blue;\">&lt;/</span><span style=\"color: #a31515;\">w</span><span style=\"color: blue;\">:</span><span style=\"color: #a31515;\">t</span><span style=\"color: blue;\">&gt;</span>\r\n<span style=\"color: blue;\">&lt;/</span><span style=\"color: #a31515;\">w</span><span style=\"color: blue;\">:</span><span style=\"color: #a31515;\">r</span><span style=\"color: blue;\">&gt;</span>\r\n<span style=\"color: blue;\">&lt;</span><span style=\"color: #a31515;\">w</span><span style=\"color: blue;\">:</span><span style=\"color: #a31515;\">r</span><span style=\"color: blue;\">&gt;</span>\r\n  <span style=\"color: blue;\">&lt;</span><span style=\"color: #a31515;\">w</span><span style=\"color: blue;\">:</span><span style=\"color: #a31515;\">rPr</span><span style=\"color: blue;\">&gt;</span>\r\n    <span style=\"color: blue;\">&lt;</span><span style=\"color: #a31515;\">w</span><span style=\"color: blue;\">:</span><span style=\"color: #a31515;\">rFonts</span> <span style=\"color: red;\">w:hint</span><span style=\"color: blue;\">=</span><span style=\"color: black;\">\"</span><span style=\"color: blue;\">eastAsia</span><span style=\"color: black;\">\"</span> <span style=\"color: blue;\">/&gt;</span>\r\n  <span style=\"color: blue;\">&lt;/</span><span style=\"color: #a31515;\">w</span><span style=\"color: blue;\">:</span><span style=\"color: #a31515;\">rPr</span><span style=\"color: blue;\">&gt;</span>\r\n  <span style=\"color: blue;\">&lt;</span><span style=\"color: #a31515;\">w</span><span style=\"color: blue;\">:</span><span style=\"color: #a31515;\">t</span><span style=\"color: blue;\">&gt;</span>1<span style=\"color: blue;\">&lt;/</span><span style=\"color: #a31515;\">w</span><span style=\"color: blue;\">:</span><span style=\"color: #a31515;\">t</span><span style=\"color: blue;\">&gt;</span>\r\n<span style=\"color: blue;\">&lt;/</span><span style=\"color: #a31515;\">w</span><span style=\"color: blue;\">:</span><span style=\"color: #a31515;\">r</span><span style=\"color: blue;\">&gt;</span>\r\n<span style=\"color: blue;\">&lt;</span><span style=\"color: #a31515;\">w</span><span style=\"color: blue;\">:</span><span style=\"color: #a31515;\">r</span><span style=\"color: blue;\">&gt;</span>\r\n  <span style=\"color: blue;\">&lt;</span><span style=\"color: #a31515;\">w</span><span style=\"color: blue;\">:</span><span style=\"color: #a31515;\">t</span><span style=\"color: blue;\">&gt;</span>/0<span style=\"color: blue;\">&lt;/</span><span style=\"color: #a31515;\">w</span><span style=\"color: blue;\">:</span><span style=\"color: #a31515;\">t</span><span style=\"color: blue;\">&gt;</span>\r\n<span style=\"color: blue;\">&lt;/</span><span style=\"color: #a31515;\">w</span><span style=\"color: blue;\">:</span><span style=\"color: #a31515;\">r</span><span style=\"color: blue;\">&gt;</span>\r\n<span style=\"color: blue;\">&lt;</span><span style=\"color: #a31515;\">w</span><span style=\"color: blue;\">:</span><span style=\"color: #a31515;\">r</span><span style=\"color: blue;\">&gt;</span>\r\n  <span style=\"color: blue;\">&lt;</span><span style=\"color: #a31515;\">w</span><span style=\"color: blue;\">:</span><span style=\"color: #a31515;\">rPr</span><span style=\"color: blue;\">&gt;</span>\r\n    <span style=\"color: blue;\">&lt;</span><span style=\"color: #a31515;\">w</span><span style=\"color: blue;\">:</span><span style=\"color: #a31515;\">rFonts</span> <span style=\"color: red;\">w:hint</span><span style=\"color: blue;\">=</span><span style=\"color: black;\">\"</span><span style=\"color: blue;\">eastAsia</span><span style=\"color: black;\">\"</span> <span style=\"color: blue;\">/&gt;</span>\r\n  <span style=\"color: blue;\">&lt;/</span><span style=\"color: #a31515;\">w</span><span style=\"color: blue;\">:</span><span style=\"color: #a31515;\">rPr</span><span style=\"color: blue;\">&gt;</span>\r\n  <span style=\"color: blue;\">&lt;</span><span style=\"color: #a31515;\">w</span><span style=\"color: blue;\">:</span><span style=\"color: #a31515;\">t</span><span style=\"color: blue;\">&gt;</span>6<span style=\"color: blue;\">&lt;/</span><span style=\"color: #a31515;\">w</span><span style=\"color: blue;\">:</span><span style=\"color: #a31515;\">t</span><span style=\"color: blue;\">&gt;</span>\r\n<span style=\"color: blue;\">&lt;/</span><span style=\"color: #a31515;\">w</span><span style=\"color: blue;\">:</span><span style=\"color: #a31515;\">r</span><span style=\"color: blue;\">&gt;</span>\r\n<span style=\"color: blue;\">&lt;</span><span style=\"color: #a31515;\">w</span><span style=\"color: blue;\">:</span><span style=\"color: #a31515;\">r</span><span style=\"color: blue;\">&gt;</span>\r\n  <span style=\"color: blue;\">&lt;</span><span style=\"color: #a31515;\">w</span><span style=\"color: blue;\">:</span><span style=\"color: #a31515;\">t</span><span style=\"color: blue;\">&gt;</span>/<span style=\"color: blue;\">&lt;/</span><span style=\"color: #a31515;\">w</span><span style=\"color: blue;\">:</span><span style=\"color: #a31515;\">t</span><span style=\"color: blue;\">&gt;</span>\r\n<span style=\"color: blue;\">&lt;/</span><span style=\"color: #a31515;\">w</span><span style=\"color: blue;\">:</span><span style=\"color: #a31515;\">r</span><span style=\"color: blue;\">&gt;</span>\r\n<span style=\"color: blue;\">&lt;</span><span style=\"color: #a31515;\">w</span><span style=\"color: blue;\">:</span><span style=\"color: #a31515;\">r</span><span style=\"color: blue;\">&gt;</span><span style=\"color: blue;\">&lt;</span><span style=\"color: #a31515;\">w</span><span style=\"color: blue;\">:</span><span style=\"color: #a31515;\">rPr</span><span style=\"color: blue;\">&gt;</span><span style=\"color: blue;\">&lt;</span><span style=\"color: #a31515;\">w</span><span style=\"color: blue;\">:</span><span style=\"color: #a31515;\">rFonts</span> <span style=\"color: red;\">w:hint</span><span style=\"color: blue;\">=</span><span style=\"color: black;\">\"</span><span style=\"color: blue;\">eastAsia</span><span style=\"color: black;\">\"</span> <span style=\"color: blue;\">/&gt;</span><span style=\"color: blue;\">&lt;/</span><span style=\"color: #a31515;\">w</span><span style=\"color: blue;\">:</span><span style=\"color: #a31515;\">rPr</span><span style=\"color: blue;\">&gt;</span>\r\n  <span style=\"color: blue;\">&lt;</span><span style=\"color: #a31515;\">w</span><span style=\"color: blue;\">:</span><span style=\"color: #a31515;\">t</span><span style=\"color: blue;\">&gt;</span>21<span style=\"color: blue;\">&lt;/</span><span style=\"color: #a31515;\">w</span><span style=\"color: blue;\">:</span><span style=\"color: #a31515;\">t</span><span style=\"color: blue;\">&gt;</span>\r\n<span style=\"color: blue;\">&lt;/</span><span style=\"color: #a31515;\">w</span><span style=\"color: blue;\">:</span><span style=\"color: #a31515;\">r</span><span style=\"color: blue;\">&gt;</span>\r\n\r\n<span style=\"color: blue;\">&lt;/</span><span style=\"color: #a31515;\">w</span><span style=\"color: blue;\">:</span><span style=\"color: #a31515;\">p</span><span style=\"color: blue;\">&gt;</span>\r\n\r\n</pre>\r\n</div>\r\n</p>",
    "PostedDate": "2012-05-12T18:11:30.613-07:00",
    "UserRole": null,
    "MarkedAsAnswerDate": null
  }
]