[
  {
    "Id": "713062",
    "ThreadId": "283175",
    "Html": "\r\n<p>I see that most of the document manipulation tools are geared towards Word. My needs are all around PowerPoint. I would like to get involved in this project, and contribute towards getting the PowerPoint capabilities on par with those for Word. How do I\r\n go about this?</p>\r\n<p>Thanks,</p>\r\n<p>Chris</p>\r\n",
    "PostedDate": "2011-12-15T22:33:20.947-08:00",
    "UserRole": null,
    "MarkedAsAnswerDate": null
  }
]