[
  {
    "Id": "1106023",
    "ThreadId": "461785",
    "Html": "First off, thanks for this incredible code.  It has helped tremendously with my requirement to provide a pivot table tab in a spreadsheet.  The example code details how to style cells and I've got that figured out.  Is there an easy way to apply a style to a pivot table?  I'd like to be able to apply a defined style to the heading columns in the pivot table.<br />\n",
    "PostedDate": "2013-10-10T08:00:21.857-07:00",
    "UserRole": null,
    "MarkedAsAnswerDate": null
  },
  {
    "Id": "1108764",
    "ThreadId": "461785",
    "Html": "I figured this one out in case anybody is interested.  I created a custom pivot table style in a spreadsheet, saved the spreadsheet, opened the styles.xml in the spreadsheet document and cut and paste that into the CreateDefaultStyles function in WorksheetAccessor.  That gives me the default styles plus any other styles I want to set in code.  Then I add the style record to pivotTable1.xml with the following code so the style is used for the pivot table.<br />\n<pre><code>    var ps = new PivotTableStyle()\n    {\n        Name = &quot;MyCustomStyle&quot;,\n        ShowRowHeaders = true,\n        ShowColumnHeaders = true,\n        ShowRowStripes = true,\n        ShowColumnStripes = true,\n        ShowLastColumn = true\n    };\n    var theSheet2 = WorksheetAccessor.GetWorksheet(xlsDocument, &quot;Pivot Table&quot;);\n    var pivotTablePart = theSheet2.GetPartsOfType&lt;PivotTablePart&gt;().First();\n    var dataFields = pivotTablePart.PivotTableDefinition.Descendants&lt;DataFields&gt;().FirstOrDefault();\n    pivotTablePart.PivotTableDefinition.InsertAfter&lt;PivotTableStyle&gt;(ps, dataFields);     \n\n</code></pre>\n\nThe code above will insert the pivot table style info node into the pivot table xml file right below the data fields node.  If you open pivotTable1.xml in the spreadsheet your code created you should then see the entry for your custom style.\r<br />\n<br />\n&lt;pivotTableStyleInfo name=&quot;MyCustomStyle&quot; showRowHeaders=&quot;1&quot; showColHeaders=&quot;1&quot; showRowStripes=&quot;0&quot; showColStripes=&quot;0&quot; showLastColumn=&quot;1&quot;/&gt;<br />\n",
    "PostedDate": "2013-10-17T06:37:38.467-07:00",
    "UserRole": null,
    "MarkedAsAnswerDate": null
  }
]