[
  {
    "Id": "1203290",
    "ThreadId": "529096",
    "Html": "I was successfully able to convert the paragraph into the HTML using converter.\r<br />\nbut all paragraphs are missing the color. How to generate CSS information for this requirement?<br />\n",
    "PostedDate": "2014-02-05T20:35:28.897-08:00",
    "UserRole": null,
    "MarkedAsAnswerDate": null
  },
  {
    "Id": "1203302",
    "ThreadId": "529096",
    "Html": "Hi,\r<br />\n<br />\nWill you kindly post a document that contains color where the color is missing from the HTML?\r<br />\n<br />\nI know that in most cases, the color is converted properly, but apparently I have missed a case, so if I have the misbehaving document, I'm sure I can fix it quickly.\r<br />\n<br />\nCheers, Eric<br />\n",
    "PostedDate": "2014-02-05T21:57:36.467-08:00",
    "UserRole": null,
    "MarkedAsAnswerDate": null
  },
  {
    "Id": "1203960",
    "ThreadId": "529096",
    "Html": "\r\n<div dir=\"ltr\">\r\n<div>\r\n<div>\r\n<div>\r\n<div>Hi Eric,<br>\r\n<br>\r\n</div>\r\nNice to see your email in my Inbox. I am really happy to save your email as i see lots of wonderful job from you.<br>\r\n<br>\r\nPlease find attached simple document that i used. ( Created using MsWord from MAC ).<br>\r\n</div>\r\nAlso, i got null pointer exceptions at various locations just to make things work for my testing, i modified code to handle null and return null value back to caller.<br>\r\n</div>\r\n<br>\r\n</div>\r\nHere are my modifications:<br>\r\n<div><br>\r\ndiff -C2 ../pt26/OpenXmlPowerTools-2-06-00/OpenXmlPowerTools/PtOpenXmlUtil.cs OpenXmlPowerTools/PtOpenXmlUtil.cs<br>\r\n*** ../pt26/OpenXmlPowerTools-2-06-00/OpenXmlPowerTools/PtOpenXmlUtil.cs 2014-01-29 18:59:48.000000000 -0600<br>\r\n--- OpenXmlPowerTools/PtOpenXmlUtil.cs 2014-02-05 21:45:04.664790900 -0600<br>\r\n***************<br>\r\n*** 37,43 ****<br>\r\npublic static XDocument GetXDocument(this OpenXmlPart part)<br>\r\n{<br>\r\ntry<br>\r\n{<br>\r\n! XDocument partXDocument = part.Annotation&lt;XDocument&gt;();<br>\r\nif (partXDocument != null)<br>\r\nreturn partXDocument;<br>\r\n--- 37,45 ----<br>\r\npublic static XDocument GetXDocument(this OpenXmlPart part)<br>\r\n{<br>\r\n&#43; XDocument partXDocument = null;<br>\r\n&#43; if (part == null) return partXDocument;<br>\r\ntry<br>\r\n{<br>\r\n! partXDocument = part.Annotation&lt;XDocument&gt;();<br>\r\nif (partXDocument != null)<br>\r\nreturn partXDocument;<br>\r\n<br>\r\n*** ../pt26/OpenXmlPowerTools-2-06-00/OpenXmlPowerTools/HtmlConverter.cs 2014-01-30 15:39:40.000000000 -0600<br>\r\n--- OpenXmlPowerTools/HtmlConverter.cs 2014-02-05 22:12:31.055158300 -0600<br>\r\n***************<br>\r\n*** 1227,1238 ****<br>\r\n<br>\r\n// w:defaultTabStop in settings<br>\r\n! var defaultTabStop = (int?)wordDoc.MainDocumentPart.DocumentSettingsPart.GetXDocument().Descendants(W.defaultTabStop).Attributes(W.val).FirstOrDefault();<br>\r\n! if (defaultTabStop == null)<br>\r\n! defaultTabStop = 720;<br>\r\n<br>\r\n! XDocument pxd = wordDoc.MainDocumentPart.GetXDocument();<br>\r\n! XElement newRoot = (XElement)CalculateSpanWidthTransform(pxd.Root, (int)defaultTabStop);<br>\r\n! pxd.Root.ReplaceWith(newRoot);<br>\r\n! wordDoc.MainDocumentPart.PutXDocument();<br>\r\n}<br>\r\n<br>\r\n--- 1227,1245 ----<br>\r\n<br>\r\n// w:defaultTabStop in settings<br>\r\n! if (wordDoc.MainDocumentPart.StyleDefinitionsPart != null)<br>\r\n! {<br>\r\n! if (wordDoc.MainDocumentPart.DocumentSettingsPart.GetXDocument() != null)<br>\r\n! {<br>\r\n! var defaultTabStop = (int?)wordDoc.MainDocumentPart.DocumentSettingsPart.GetXDocument().Descendants(W.defaultTabStop).Attributes(W.val).FirstOrDefault();<br>\r\n! if (defaultTabStop == null)<br>\r\n! defaultTabStop = 720;<br>\r\n<br>\r\n!<br>\r\n! XDocument pxd = wordDoc.MainDocumentPart.GetXDocument();<br>\r\n! XElement newRoot = (XElement)CalculateSpanWidthTransform(pxd.Root, (int)defaultTabStop);<br>\r\n! pxd.Root.ReplaceWith(newRoot);<br>\r\n! wordDoc.MainDocumentPart.PutXDocument();<br>\r\n! }<br>\r\n! }<br>\r\n}<br>\r\n<br>\r\n*** ../pt26/OpenXmlPowerTools-2-06-00/OpenXmlPowerTools/MarkupSimplifier.cs 2014-01-29 21:51:30.000000000 -0600<br>\r\n--- OpenXmlPowerTools/MarkupSimplifier.cs 2014-02-05 21:47:35.393234900 -0600<br>\r\n***************<br>\r\n*** 94,98 ****<br>\r\n{<br>\r\nXDocument settingsXDoc = doc.MainDocumentPart.DocumentSettingsPart.GetXDocument();<br>\r\n! settingsXDoc.Root.Elements(W.rsids).Remove();<br>\r\ndoc.MainDocumentPart.DocumentSettingsPart.PutXDocument();<br>\r\n}<br>\r\n--- 94,98 ----<br>\r\n{<br>\r\nXDocument settingsXDoc = doc.MainDocumentPart.DocumentSettingsPart.GetXDocument();<br>\r\n! if(settingsXDoc != null) settingsXDoc.Root.Elements(W.rsids).Remove();<br>\r\ndoc.MainDocumentPart.DocumentSettingsPart.PutXDocument();<br>\r\n}<br>\r\n<br>\r\n<br>\r\n</div>\r\n<div>Presently for another document i am getting null pointer exception when Reveser() is called.<br>\r\n</div>\r\n<div>File name: FieldRetriever.cs<br>\r\nFieldElementTypeInfo&lt;Stack&gt; fis = new Stack&lt;FieldElementTypeInfo&gt;(s.FiStack.Reverse());\r\n<br clear=\"all\">\r\n</div>\r\n<div>\r\n<div>\r\n<div dir=\"ltr\"><br>\r\n</div>\r\n<div>Thanks,<br>\r\n</div>\r\n<div>Madhava<br>\r\n</div>\r\n</div>\r\n<br>\r\n<div></div>\r\n</div>\r\n</div>\r\n",
    "PostedDate": "2014-02-06T19:58:27.49-08:00",
    "UserRole": null,
    "MarkedAsAnswerDate": null
  },
  {
    "Id": "1209695",
    "ThreadId": "529096",
    "Html": "Hi Madhava,\r<br />\n<br />\nI finally carved out some time to look at this - but I can't see the attached document.  Can you please try to post it here and attach it again?\r<br />\n<br />\nThanks, Eric<br />\n",
    "PostedDate": "2014-02-17T22:44:24.15-08:00",
    "UserRole": null,
    "MarkedAsAnswerDate": null
  },
  {
    "Id": "1209941",
    "ThreadId": "529096",
    "Html": "\r\n<div dir=\"ltr\">\r\n<div>\r\n<div>Hi Eric,<br>\r\n<br>\r\n</div>\r\nsorry for delay as i was not available to work.<br>\r\n</div>\r\nPlease find the document attached.<br>\r\n</div>\r\n<div><br clear=\"all\">\r\n<div>\r\n<div dir=\"ltr\"><br>\r\nThanks,<br>\r\n<a href=\"http://developertoolsautomation.blogspot.in/\" target=\"_blank\">http://developertoolsautomation.blogspot.in/</a>\r\n<span style=\"background-color:rgb(255,153,0)\">( TECHNOLOGY SOLUTIONS )</span><br>\r\n<a href=\"http://madhavkulkarni.blogspot.in/\" target=\"_blank\">http://madhavkulkarni.blogspot.in/</a> ( GENERAL WRITING )<br>\r\n<a href=\"http://dailylifeinindia.blogspot.in/\" target=\"_blank\">http://dailylifeinindia.blogspot.in/</a>\r\n<span style=\"background-color:rgb(106,168,79)\">( USEFUL SOCIAL HELP )</span><br>\r\n</div>\r\n</div>\r\n<br>\r\n<br>\r\n<div></div>\r\n</div>\r\n",
    "PostedDate": "2014-02-18T09:24:19.057-08:00",
    "UserRole": null,
    "MarkedAsAnswerDate": null
  }
]