[
  {
    "Id": "117982",
    "ThreadId": "35493",
    "Html": "I'm well known for my laziness in not wanting to setup build environments, ask anybody.  (Which is actually kinda funny because I have vs2008 full plus several other IDE/ISE's installed.)  I'm not a dev and I don't like changing to that mode, it makes my brain uncomfortable.  :)$0$0$0$0I'd like to see some binaries released if you guys can do that.$0",
    "PostedDate": "2008-09-11T15:35:14.76-07:00",
    "UserRole": null,
    "MarkedAsAnswerDate": null
  },
  {
    "Id": "117984",
    "ThreadId": "35493",
    "Html": "I grabbed all the prereqs and I get this err:  $0$0Error<span style=\"white-space:pre\">\t</span>1<span style=\"white-space:pre\">\t</span>The type or namespace name 'DocumentFormat' could not be found (are you missing a using directive or an assembly reference?)<span style=\"white-space:pre\">\t</span>C:\\Documents and Settings\\hrottenberg\\My Documents\\Visual Studio 2008\\Projects\\OpenXML PowerTools\\Cmdlets\\OpenXmlCmdlet.cs<span style=\"white-space:pre\">\t</span>19<span style=\"white-space:pre\">\t</span>7<span style=\"white-space:pre\">\t</span>OpenXml Power Tools$0$0$0$0$0Is it required to reboot after installing the SDK? That wouldna't make any sense.  I see the reference for DocumentFormat.OpenXml with an exclamation point. It's pretty obvious what the problem is, but not obvious what I need to do about it. Help pretty please?$0$0",
    "PostedDate": "2008-09-11T15:46:36.91-07:00",
    "UserRole": null,
    "MarkedAsAnswerDate": null
  },
  {
    "Id": "117988",
    "ThreadId": "35493",
    "Html": "FWIW, I did figure it out. I removed and re-added the reference and it worked fine.  Anyway..$0$0$0$0I think others would appreciate a binary :)$0",
    "PostedDate": "2008-09-11T15:57:06.297-07:00",
    "UserRole": null,
    "MarkedAsAnswerDate": null
  },
  {
    "Id": "117998",
    "ThreadId": "35493",
    "Html": "Hello,<br>\r\n<br>\r\nI'm sorry to be so late with this reply (because by reading your posts I guess you have already created the Open Xml Power Tools binaries).&nbsp; However, for future releases you can get latest binaries for Power Tools from here: http://staffdotnet.com/services/powertools.html <br>\r\n<br>\r\nBest regards,<br>\r\n<br>\r\nJohann Granados<br>\r\nStaff DotNet<br>\r\n",
    "PostedDate": "2008-09-11T16:43:17.657-07:00",
    "UserRole": null,
    "MarkedAsAnswerDate": null
  }
]