[
  {
    "Id": "1462666",
    "ThreadId": "651117",
    "Html": "Hello,\r<br />\n<br />\nI am interested to know if this could merge multiple word files ( doc / docx ) into a single word file.\r<br />\nI would also want to know how the formats are interpreted as file1 could have a different format structure ( margins , etc ) compared to file2. So I'm interested to know how the end result of this merge is considering these key properties. Things that interest me are how it handles the merging properties margin/indent/formats/font styles/ font size/ alignment/ page numbering/ header handling/ table of contents/ images positioning/ page breaks, etc.\r<br />\n<br />\nPlease let me know if it supports word files merging and how the end product result is formatted.\r<br />\n<br />\nKind Regards,\r<br />\nAlan<br />\n",
    "PostedDate": "2016-02-10T03:50:28.77-08:00",
    "UserRole": null,
    "MarkedAsAnswerDate": null
  },
  {
    "Id": "1464061",
    "ThreadId": "651117",
    "Html": "Hi Alan,\r<br />\n<br />\nThis is exactly the purpose of the DocumentBuilder module in Open-Xml-PowerTools.\r<br />\n<br />\nOne key point - it only works with .DOCX, not .DOC.  If you want to work with .DOC files you need to convert it to DOCX, but there are tools to do this:\r<br />\n<br />\n<a href=\"https://blogs.msdn.microsoft.com/ericwhite/2008/09/18/bulk-convert-doc-to-docx/\" rel=\"nofollow\">https://blogs.msdn.microsoft.com/ericwhite/2008/09/18/bulk-convert-doc-to-docx/</a>\r<br />\n<br />\nFor the DocumentBuilder module, please see:\r<br />\n<br />\n<a href=\"http://ericwhite.com/blog/documentbuilder-developer-center/\" rel=\"nofollow\">http://ericwhite.com/blog/documentbuilder-developer-center/</a>\r<br />\n<br />\nWith regards to styles, it takes the approach of using the definition of a style in the first document in the source documents in which the style occurs.  So for instance, if there is are multiple documents with the style MyStyle, it takes the style definition from the first one it encounters.  Subsequent documents will use that style.\r<br />\n<br />\nYou can avoid this behavior by renaming styles before merging, i.e. modify the second document to use the style MyStyle1 instead of MyStyle.\r<br />\n<br />\nBTW, Open-Xml-PowerTools has been moved to GitHub.  You can ask questions and file issues there:\r<br />\n<br />\n<a href=\"https://github.com/OfficeDev/Open-Xml-PowerTools\" rel=\"nofollow\">https://github.com/OfficeDev/Open-Xml-PowerTools</a>\r<br />\n<br />\nCheers, Eric<br />\n",
    "PostedDate": "2016-02-23T01:53:22.533-08:00",
    "UserRole": null,
    "MarkedAsAnswerDate": null
  }
]