[
  {
    "Id": "1431300",
    "ThreadId": "640282",
    "Html": "Hi,<br />\nThanks in advance for any help.<br />\n<br />\nI have an ASP.Net 4 web app project and is hosted on IIS. If the application is run under LocalSystem account everything works fine. Obviously this is not ideal but if I run under applicationpool then I have the following issue.<br />\n<br />\nThe following line of code is producing the below error.<br />\n<pre><code>      Dim final As Byte() = New DocumentBuilder().BuildDocumentToByte(sources)</code></pre>\n\n<pre><code>[IsolatedStorageException: Unable to create mutex. (Exception from HRESULT: 0x80131464)]\nSystem.IO.IsolatedStorage.IsolatedStorageFile.Open(String infoFile, String syncName) +0\n   System.IO.IsolatedStorage.IsolatedStorageFile.Lock(Boolean&amp; locked) +370\n   System.IO.IsolatedStorage.IsolatedStorageFileStream..ctor(String path, FileMode mode, FileAccess access, FileShare share, Int32 bufferSize, IsolatedStorageFile isf) +474\n   System.IO.IsolatedStorage.IsolatedStorageFileStream..ctor(String path, FileMode mode, FileAccess access, FileShare share, IsolatedStorageFile isf) +35\n   MS.Internal.IO.Packaging.SafeIsolatedStorageFileStream..ctor(String path, FileMode mode, FileAccess access, FileShare share, ReliableIsolatedStorageFileFolder folder) +102\n   MS.Internal.IO.Packaging.PackagingUtilities.CreateUserScopedIsolatedStorageFileStreamWithRandomName(Int32 retryCount, String&amp; fileName) +276\n   MS.Internal.IO.Packaging.SparseMemoryStream.EnsureIsolatedStoreStream() +31\n   MS.Internal.IO.Packaging.SparseMemoryStream.SwitchModeIfNecessary() +383\n   MS.Internal.IO.Packaging.CompressEmulationStream.Write(Byte[] buffer, Int32 offset, Int32 count) +73\n   MS.Internal.IO.Packaging.CompressStream.Write(Byte[] buffer, Int32 offset, Int32 count) +414\n   MS.Internal.IO.Zip.ProgressiveCrcCalculatingStream.Write(Byte[] buffer, Int32 offset, Int32 count) +168\n   MS.Internal.IO.Zip.ZipIOModeEnforcingStream.Write(Byte[] buffer, Int32 offset, Int32 count) +120\n   System.Xml.XmlUtf8RawTextWriter.FlushBuffer() +7333731\n   System.Xml.XmlUtf8RawTextWriter.RawText(Char* pSrcBegin, Char* pSrcEnd) +232\n   System.Xml.XmlUtf8RawTextWriter.WriteStartElement(String prefix, String localName, String ns) +124\n   System.Xml.XmlWellFormedWriter.WriteStartElement(String prefix, String localName, String ns) +7339748\n   System.Xml.Linq.ElementWriter.WriteStartElement(XElement e) +175\n   System.Xml.Linq.ElementWriter.WriteElement(XElement e) +70\n   System.Xml.Linq.XElement.WriteTo(XmlWriter writer) +149\n   System.Xml.Linq.XContainer.WriteContentTo(XmlWriter writer) +228\n   System.Xml.Linq.XDocument.WriteTo(XmlWriter writer) +155\n   OpenXmlPowerTools.PtOpenXmlExtensions.PutXDocument(OpenXmlPart part) +205\n   OpenXmlPowerTools.DocumentBuilder.BuildDocument(List`1 sources, WordprocessingDocument output) +8576\n   OpenXmlPowerTools.DocumentBuilder.BuildDocumentToByte(List`1 sources) +130</code></pre>\n\nSo it seems as though this is a permission issue but I am unable to work out what permissions I should grant the iis_usr account in windows. While trying to debug I gave this account full access to the web folder but this still didnt resolve the issue.<br />\n<br />\nDoes anyone have any ideas how to resolve?<br />\n<br />\nTrent.<br />\n",
    "PostedDate": "2015-06-21T23:54:57.133-07:00",
    "UserRole": null,
    "MarkedAsAnswerDate": null
  }
]