[
  {
    "Id": "1225959",
    "ThreadId": "539953",
    "Html": "I’ll try to convert a docx-document into a html-document. The word-file was created with the docx library (<a href=\"https://docx.codeplex.com/\" rel=\"nofollow\">https://docx.codeplex.com/</a>) on a system where no Word-Instance is installed. \r<br />\n<br />\nWhen I try to simply convert the docx-document, my program breaks. \r<br />\n<br />\nThe error can be traced into the following method:\r<br />\nprivate static object CalculateSpanWidthTransform(XNode node, int defaultTabStop)\r<br />\n<br />\nWhen I diactivate the second recursive call of the method, the program works. <br />\n<pre><code>}\n                    else\n                    {\n                        return new XElement(element.Name,\n                            element.Attributes(),\n                            element.Nodes().Select(n =&gt; CalculateSpanWidthTransform(n, defaultTabStop)));\n                    }\n                }\n\n                //return new XElement(element.Name,\n                //    element.Attributes(),\n                //    element.Nodes().Select(n =&gt; CalculateSpanWidthTransform(n, defaultTabStop)));\n            }\n        return node;\n    }</code></pre>\n\n",
    "PostedDate": "2014-03-24T05:10:23.933-07:00",
    "UserRole": null,
    "MarkedAsAnswerDate": null
  }
]