[
  {
    "Id": "794416",
    "ThreadId": "340687",
    "Html": "\r\n<p>Hi,</p>\r\n<p>How can I keep each merged document content inside a content control ?</p>\r\n<p>Regards</p>\r\n<div id=\"-chrome-auto-translate-plugin-dialog\" style=\"background-color:transparent!important; overflow-x:visible!important; overflow-y:visible!important; z-index:999999!important; text-align:left!important; top:28px; left:8px; padding:0px!important; margin:0px!important\">\r\n<div style=\"max-width:300px!important; color:#fafafa!important; border-color:#000000!important; border-width:0px!important; background-color:#363636!important; font-size:16px!important; padding:8px!important; overflow:visible!important; z-index:999999!important; text-align:left!important\">\r\n<div>ce qui concerne</div>\r\n</div>\r\n<img src=\"http://www.google.com/uds/css/small-logo.png\" alt=\"\" style=\"z-index:-1!important; right:1px!important; top:-20px!important; padding-top:3px!important; padding-right:5px!important; padding-bottom:0px!important; padding-left:5px!important; margin:0px!important\"></div>\r\n",
    "PostedDate": "2012-02-22T01:31:58.903-08:00",
    "UserRole": null,
    "MarkedAsAnswerDate": null
  },
  {
    "Id": "794439",
    "ThreadId": "340687",
    "Html": "<p>Hi,</p>\r\n<p>Take a look at this screen-cast.&nbsp; It shows how to import a document to the contents of a content control.</p>\r\n<p><a href=\"http://openxmldeveloper.org/blog/b/openxmldeveloper/archive/2011/09/23/advanced-use-of-documentbuilder-2-0.aspx\">http://openxmldeveloper.org/blog/b/openxmldeveloper/archive/2011/09/23/advanced-use-of-documentbuilder-2-0.aspx</a></p>\r\n<p>-Eric</p>",
    "PostedDate": "2012-02-22T01:48:25.963-08:00",
    "UserRole": null,
    "MarkedAsAnswerDate": null
  },
  {
    "Id": "794533",
    "ThreadId": "340687",
    "Html": "<p>Thanx Eric; this is helpful.</p>",
    "PostedDate": "2012-02-22T02:49:43.503-08:00",
    "UserRole": null,
    "MarkedAsAnswerDate": null
  },
  {
    "Id": "797714",
    "ThreadId": "340687",
    "Html": "<p>This works fine for content controls inside document body but not for content controls in headers and footers, I am getting all content controls in this way :</p>\n<p>&nbsp;</p>\n<div style=\"color: black; background-color: white;\">\n<pre>List&lt;XElement&gt; contentControls = <span style=\"color: blue;\">new</span> List&lt;XElement&gt;();           \n            <span style=\"color: blue;\">foreach</span> (<span style=\"color: blue;\">var</span> openXmlPart <span style=\"color: blue;\">in</span> wordprocessingDocument.GetAllParts())\n            {\n                contentControls .AddRange(openXmlPart.GetXDocument().Root.Descendants(W.sdt));\n            }</pre>\n<pre><br /></pre>\n<pre><pre>First the content controls are duplicated, second the content controls in header footers are empty.</pre>\n<br /></pre>\n<pre>Regards</pre>\n</div>\n<p>&nbsp;</p>\n<div id=\"-chrome-auto-translate-plugin-dialog\" style=\"background-color: transparent!important; top: 0px; left: 0px; overflow-x: visible!important; overflow-y: visible!important; z-index: 999999!important; text-align: left!important; padding: 0px!important; margin: 0px!important;\"><img style=\"z-index: -1!important; right: 1px!important; top: -20px!important; padding-top: 3px!important; padding-right: 5px!important; padding-bottom: 0px!important; padding-left: 5px!important; margin: 0px!important;\" src=\"http://www.google.com/uds/css/small-logo.png\" alt=\"\" /></div>",
    "PostedDate": "2012-02-23T07:34:46.243-08:00",
    "UserRole": null,
    "MarkedAsAnswerDate": null
  },
  {
    "Id": "797753",
    "ThreadId": "340687",
    "Html": "<p>DocumentBuilder does not support assembling content into headers and footers.&nbsp; It is not a feature of the example.&nbsp; It is a great idea, however, it was not&nbsp;something that we contemplated.&nbsp; DocumentBuilder has very specific functionality around headers and footers, mainly associated with how sections are pulled into the assembled document from the source documents, but that is the extent to which DocumentBuilder deals with headers and footers.</p>\r\n<p>-Eric</p>",
    "PostedDate": "2012-02-23T07:58:23.287-08:00",
    "UserRole": null,
    "MarkedAsAnswerDate": null
  }
]