[
  {
    "Id": "1435143",
    "ThreadId": "641606",
    "Html": "Im having to sign the dll my self, but it would be great if you can do the signing at the compile level.<br />\n",
    "PostedDate": "2015-07-20T10:28:13.18-07:00",
    "UserRole": null,
    "MarkedAsAnswerDate": null
  },
  {
    "Id": "1435232",
    "ThreadId": "641606",
    "Html": "@cheetahtech Actually I did not prepare those Nuget packages; someone else did.  We have on our list to better support Nuget, but have some higher priority projects to complete first.<br />\n",
    "PostedDate": "2015-07-20T21:57:05.823-07:00",
    "UserRole": null,
    "MarkedAsAnswerDate": null
  }
]