[
  {
    "Id": "1119608",
    "ThreadId": "466766",
    "Html": "Hello,\r<br />\n<br />\nI was wondering if it is possible to use the pivotTable structures in OpenXML to construct the MDX query that can be used refresh the data from a cube?\r<br />\n<br />\ni.e. the pivotTable structure has rowFields and colFields that (I think) refer to the &quot;ON ROWS&quot; and &quot;ON COLUMNS&quot; part of MDX, also the pageFields structure could refer to the &quot;WHERE&quot; part of the MDX?\r<br />\n<br />\nDoes this make sense / has this been done already somewhere?\r<br />\n<br />\nBest regards,\r<br />\n<br />\nJeroen Janssen<br />\n",
    "PostedDate": "2013-11-07T00:48:45.09-08:00",
    "UserRole": null,
    "MarkedAsAnswerDate": null
  }
]