[
  {
    "Id": "418365",
    "ThreadId": "205030",
    "Html": "<p>I have tried to get the Export-OpenXmlSpreadshett to work with my 64-bit host running Windows 7 and am unsuccessful. I get the mmessage &quot;Could not load file or assembly 'DocumentFormat.OpenXml, Version 2.0.3302.0 ...&quot; I have downloaded the and tried both the Open Xml Sdk 1.0 and 2.0 and the OpenXml.PowerTools.dll binary and still no success.</p>",
    "PostedDate": "2010-03-15T11:52:50.547-07:00",
    "UserRole": null,
    "MarkedAsAnswerDate": null
  },
  {
    "Id": "418372",
    "ThreadId": "205030",
    "Html": "<p>Hi Rich,</p>\r\n<p>I'll take a look at this, get back.&nbsp; I've been working on infrastructure for some time, haven't built the PowerTool cmdlets recently.&nbsp; Now that the Open XML SDK has been released, I need to update everything, make sure that everything builds properly.&nbsp; Check back in the next day or two.</p>\r\n<p>-Eric</p>",
    "PostedDate": "2010-03-15T12:02:11.23-07:00",
    "UserRole": null,
    "MarkedAsAnswerDate": null
  },
  {
    "Id": "418451",
    "ThreadId": "205030",
    "Html": "<div dir=ltr>Thanks Eric. I know I can find it under the Program files x86<a></a> but it doesn't want to load for my 64-bit workstation.</div>\r\n<div dir=ltr>I am really anxious to get this working so I can demonstate<a></a> in my class on PowerShell<a></a> the ability to take information from an environment a convert it into Excel and Word documents.</div>\r\n<div>\r\n<div></div>\r\n</div>",
    "PostedDate": "2010-03-15T15:03:18.087-07:00",
    "UserRole": null,
    "MarkedAsAnswerDate": null
  },
  {
    "Id": "423698",
    "ThreadId": "205030",
    "Html": "\r\n<div style=\"font-family:Tahoma;direction:ltr;color:#000000;font-size:13px\">\r\n<div></div>\r\n<div>\r\n<div>\r\n<div>Hi Eric, how is the update coming?</div>\r\n<div> </div>\r\n<div>Regards,</div>\r\n<div> </div>\r\n<div>Rich Beckett<br>\r\nTraining Consultant<br>\r\n(510) 565-4706 - cell</div>\r\n</div>\r\n</div>\r\n<div dir=ltr> </div>\r\n<div style=\"direction:ltr\" id=divRpF617930>\r\n<hr>\r\n<b>From:</b> EricWhiteDpe [notifications@codeplex.com]<br>\r\n<b>Sent:</b> Monday, March 15, 2010 12:02 PM<br>\r\n<b>To:</b> Rich Beckett<br>\r\n<b>Subject:</b> Re: Can'f find DocumentFormat.OpenXML - Win 7 - 64-bit [PowerTools:205030]<br>\r\n<br>\r\n</div>\r\n<div></div>\r\n<div>\r\n<p>From: EricWhiteDpe</p>\r\n<div id=ThreadNotificationPostBody>\r\n<p>Hi Rich,</p>\r\n<p>I'll take a look at this, get back.  I've been working on infrastructure for some time, haven't built the PowerTool cmdlets recently.  Now that the Open XML SDK has been released, I need to update everything, make sure that everything builds properly.  Check\r\n back in the next day or two.</p>\r\n<p>-Eric</p>\r\n</div>\r\n\r\n</div>\r\n</div>\r\n",
    "PostedDate": "2010-03-25T11:09:17.913-07:00",
    "UserRole": null,
    "MarkedAsAnswerDate": null
  }
]