[
  {
    "Id": "205286",
    "ThreadId": "60600",
    "Html": "<p>FIrst i have a document in word 2003 format., I use wordconv to convert it to docx.</p>\r\n<p>then i use OpenXML Powertools to convert docx file to html. The result is all image in docx file was lost.</p>\r\n<p>I check and release that in docx file was not using v:/drawing</p>\r\n<p>How i can using wordconv to make the righ format ?</p>\r\n<p>Any solution for my problem. thanks</p>",
    "PostedDate": "2009-06-25T00:55:18.303-07:00",
    "UserRole": null,
    "MarkedAsAnswerDate": null
  },
  {
    "Id": "1041218",
    "ThreadId": "60600",
    "Html": "I am also facing same problem. Images are not converted while converting word document to HTML.<br />\n<ol>\n<li>\nI can not use the (.DOC) file for conversion to HTML - Exception - File contains corrupted data.\r<br />\nSo, I have to use the (.DOCX) files for conversion to HTML. Is this the limitation?<br />\n</li>\n<li>\nIf file contains some images it is not correctly converted. If I Open the HTML file in browser.I can not see the images<br />\n</li>\n</ol>\nFollowing code I am using -\r<br />\n<br />\npublic static void ConvertToHTMLUsingOpenXml(string fUpload, string htmlFile, string imagePath)<br />\n<pre><code>   {\n\n       string sourceDocumentFileName = fUpload;\n\n       string imageDirectoryName = Path.GetFileNameWithoutExtension(sourceDocumentFileName) + &quot;_files&quot;;\n\n       int imageCounter = 0;\n\n       byte[] byteArray = File.ReadAllBytes(sourceDocumentFileName);\n\n       using (MemoryStream memoryStream = new MemoryStream())\n\n       {\n\n           memoryStream.Write(byteArray, 0, byteArray.Length);\n\n           WordprocessingDocument doc =\n\n               WordprocessingDocument.Open(memoryStream, true);\n\n           {\n\n               HtmlConverterSettings settings = new HtmlConverterSettings()\n\n               {\n\n                   PageTitle = Path.GetFileNameWithoutExtension(sourceDocumentFileName),\n\n                   ConvertFormatting = true,\n\n               };\n\n               XElement html = HtmlConverter.ConvertToHtml(doc, settings,\n\n                   imageInfo =&gt;\n\n                   {\n\n                       DirectoryInfo localDirInfo = new DirectoryInfo(imagePath + imageDirectoryName);//Server.MapPath(HTML_FILE_PATH + imageDirectoryName));\n\n                       if (!localDirInfo.Exists)\n\n                           localDirInfo.Create();\n\n                       ++imageCounter;\n\n                       string extension = imageInfo.ContentType.Split('/')[1].ToLower();\n\n                       ImageFormat imageFormat = null;\n\n                       if (extension == &quot;png&quot;)\n\n                       {\n\n                           extension = &quot;jpeg&quot;;\n\n                           imageFormat = ImageFormat.Jpeg;\n\n                       }\n\n                       else if (extension == &quot;bmp&quot;)\n\n                           imageFormat = ImageFormat.Bmp;\n\n                       else if (extension == &quot;jpeg&quot;)\n\n                           imageFormat = ImageFormat.Jpeg;\n\n                       else if (extension == &quot;tiff&quot;)\n\n                           imageFormat = ImageFormat.Tiff;\n\n                        if (imageFormat == null)\n\n                           return null;\n\n                        string imageFileName = imagePath+ imageDirectoryName + &quot;\\\\image&quot; + // Server.MapPath(HTML_FILE_PATH + imageDirectoryName) + &quot;/image&quot; +\n\n                            imageCounter.ToString() + &quot;.&quot; + extension;\n\n                       try\n\n                       {\n\n                           imageInfo.Bitmap.Save(imageFileName, imageFormat);\n\n                       }\n\n                       catch (System.Runtime.InteropServices.ExternalException)\n\n                       {\n\n                           return null;\n\n                       }\n\n                       XElement img = new XElement(Xhtml.img,\n\n                           new XAttribute(NoNamespace.src, imageFileName),\n\n                           imageInfo.ImgStyleAttribute,\n\n                           imageInfo.AltText != null ?\n\n                               new XAttribute(NoNamespace.alt, imageInfo.AltText) : null);\n\n                       return img;\n\n                   });\n\n               File.WriteAllText(htmlFile, html.ToString());\n\n           }\n\n           memoryStream.Close();\n\n       }\n\n   }</code></pre>\n\n",
    "PostedDate": "2013-05-08T23:27:26.853-07:00",
    "UserRole": null,
    "MarkedAsAnswerDate": null
  },
  {
    "Id": "1071612",
    "ThreadId": "60600",
    "Html": "See changes, works for me. Thanks for posting the problem.<br />\n<pre><code>string docPath = @&quot;~\\SampleData\\3DNAmethod.DOCX&quot;; //doc lives here\nstring htmlPath = @&quot;~\\SampleData\\3DNAmethod.html&quot;;   // write the html to here\nstring imgPath = @&quot;~\\SampleData\\images&quot;;           // images will go here\nstring imgVirtualPath = &quot;/SampleData/images/&quot;;     // virtual path to the images found.\nConvertToHTMLUsingOpenXml(Server.MapPath(docPath), Server.MapPath(htmlPath), Server.MapPath(imgPath), imgVirtualPath);\n\npublic static void ConvertToHTMLUsingOpenXml(string fUpload, string htmlFile, string imagePath, string imgVirtualPath)\n{\n    string sourceDocumentFileName = fUpload;\n    string imageDirectoryName = Path.GetFileNameWithoutExtension(sourceDocumentFileName) + &quot;_files&quot;;\n    int imageCounter = 0;\n    byte[] byteArray = System.IO.File.ReadAllBytes(sourceDocumentFileName);\n    string returnString;\n    using (MemoryStream memoryStream = new MemoryStream())\n    {\n        memoryStream.Write(byteArray, 0, byteArray.Length);\n        WordprocessingDocument doc = WordprocessingDocument.Open(memoryStream, true);\n        {\n            HtmlConverterSettings settings = new HtmlConverterSettings()\n            {\n                PageTitle = Path.GetFileNameWithoutExtension(sourceDocumentFileName),\n                ConvertFormatting = false,\n            };\n\n            XElement html = HtmlConverter.ConvertToHtml(doc, settings,\n                imageInfo =&gt;\n                {\n                    DirectoryInfo localDirInfo = new DirectoryInfo(imagePath + imageDirectoryName);//Server.MapPath(HTML_FILE_PATH + imageDirectoryName));\n                    if (!localDirInfo.Exists)\n                        localDirInfo.Create();\n                    ++imageCounter;\n                    string extension = imageInfo.ContentType.Split('/')[1].ToLower();\n                    ImageFormat imageFormat = null;\n                    if (extension == &quot;png&quot;)\n                    {\n                        extension = &quot;jpeg&quot;;\n                        imageFormat = ImageFormat.Jpeg;\n                    }\n                    else if (extension == &quot;bmp&quot;)\n                        imageFormat = ImageFormat.Bmp;\n                    else if (extension == &quot;jpeg&quot;)\n                        imageFormat = ImageFormat.Jpeg;\n                    else if (extension == &quot;tiff&quot;)\n                        imageFormat = ImageFormat.Tiff;\n                    if (imageFormat == null)\n                        return null;\n                    string imageFileName = imagePath + imageDirectoryName \n                        + &quot;\\\\image&quot; + imageCounter.ToString() + &quot;.&quot; + extension;\n                    string imageVirtualName = imgVirtualPath + imageDirectoryName \n                        + &quot;/image&quot; + imageCounter.ToString() + &quot;.&quot; + extension;\n                    try\n                    {\n                        imageInfo.Bitmap.Save(imageFileName, imageFormat);\n                    }\n                    catch (System.Runtime.InteropServices.ExternalException)\n                    {\n                        return null;\n                    }\n\n                    XElement img = new XElement(Xhtml.img,\n                        new XAttribute(NoNamespace.src, imageVirtualName),\n                        imageInfo.ImgStyleAttribute,\n                        imageInfo.AltText != null ?\n                            new XAttribute(NoNamespace.alt, imageInfo.AltText) : null);\n                    return img;\n                });\n            System.IO.File.WriteAllText(htmlFile, html.ToString());\n        }\n        memoryStream.Close();\n    }\n}</code></pre>\n\n",
    "PostedDate": "2013-07-22T23:04:39.537-07:00",
    "UserRole": null,
    "MarkedAsAnswerDate": null
  },
  {
    "Id": "1109542",
    "ThreadId": "60600",
    "Html": "I have tried to use mentioned solution but still not able to see images on doc, it is showing place holder of image with &quot;X&quot; in red but not showing actual picture. if possible then can you please provide source code?<br />\n",
    "PostedDate": "2013-10-19T11:53:03.337-07:00",
    "UserRole": null,
    "MarkedAsAnswerDate": null
  }
]