[
  {
    "Id": "163463",
    "ThreadId": "48938",
    "Html": "Hi there,<br>\r\nI am experiencing a frustrating problem with [OpenXml.PowerTools.DocumentBuilder]::BuildDocument(&lt;sources&gt;, &lt;filename&gt;) method.<br>\r\nIt seems that when i create a new document as a source and attempt to add it to the Sources parameter, the BuildDocument method generates an exception<br>\r\nWhen i open (in Word) the *LAST* file added to the sources list, the  &quot;(Read Only)&quot; message follows the docname in the title bar - so it appears to be related to locking.<br>\r\n<br>\r\nCode example:<br>\r\n$file = &quot;c:\\temp\\newfiletocreate.docx&quot;<br>\r\n$content = &quot;new document&quot;<br>\r\nExport-OpenXmlWordprocessing -Text $content -OutputPath $file<br>\r\n$doc = [DocumentFormat.OpenXml.Packaging.WordprocessingDocument]::Open($file, $false)<br>\r\n$src = New-Object OpenXml.PowerTools.Source($doc, $true, $file)<br>\r\n$idx = $sources.Add($src)<br>\r\n[OpenXml.PowerTools.DocumentBuilder]::BuildDocument($sources, &quot;MasterFile.docx&quot;<br>\r\nAnyone else come across this issue.<br>\r\n<br>\r\n(interestingly, i can successfully create a new document using &quot;old&quot; documents)<br>\r\n<br>\r\nThanks in advance,<br>\r\nBen<br>\r\n",
    "PostedDate": "2009-03-02T04:23:02.33-08:00",
    "UserRole": null,
    "MarkedAsAnswerDate": null
  },
  {
    "Id": "169546",
    "ThreadId": "48938",
    "Html": "<p>Hi Ben,</p>\r\n<p>Thanks for the question - I don't know the answer, but will ping Bob McClellan, who will have insight into this.</p>\r\n<p>One question: why use DocumentBuilder directly instead of the cmdlet Merge-OpenXmlDocument?</p>\r\n<p>-Eric</p>\r\n",
    "PostedDate": "2009-03-18T12:45:07.617-07:00",
    "UserRole": null,
    "MarkedAsAnswerDate": null
  },
  {
    "Id": "170556",
    "ThreadId": "48938",
    "Html": "I have found the problem and will have a update to fix it soon.<br>\r\n",
    "PostedDate": "2009-03-22T07:47:42.79-07:00",
    "UserRole": null,
    "MarkedAsAnswerDate": null
  }
]