[
  {
    "Id": "101135",
    "ThreadId": "30362",
    "Html": "Looking at the InsertWatermark method in WatermarkAccesor.cs, I noticed something that does not look right. The following is the code.<br>\r\n<br>\r\n<span style=\"font-size:13px;color:#0000ff\"><span style=\"font-size:13px;color:#0000ff\">\r\n<p>if</p>\r\n</span>\r\n<p>&nbsp;</p>\r\n</span>\r\n<p><span style=\"font-size:13px\"> (parentDocument.Headers.GetHeaderReference(</span><span style=\"font-size:13px;color:#2b91af\"><span style=\"font-size:13px;color:#2b91af\">HeaderType</span></span><span style=\"font-size:13px\">.First) == </span><span style=\"font-size:13px;color:#0000ff\"><span style=\"font-size:13px;color:#0000ff\">null</span></span><span style=\"font-size:13px\">)\r\n<p>&nbsp;</p>\r\n<p>&nbsp;&nbsp; headers.Add(parentDocument.Headers.AddNewHeader(</p>\r\n</span></p>\r\n<p><span style=\"font-size:13px;color:#2b91af\"><span style=\"font-size:13px;color:#2b91af\">HeaderType</span></span><span style=\"font-size:13px\">.First));\r\n<p>&nbsp;</p>\r\n<p>&nbsp;</p>\r\n</span></p>\r\n<p><span style=\"font-size:13px;color:#0000ff\"><span style=\"font-size:13px;color:#0000ff\">else\r\n<p>&nbsp;</p>\r\n</span></span></p>\r\n<span style=\"font-size:13px\">\r\n<p>&nbsp;&nbsp; headers.Add(parentDocument.Headers.AddNewHeader(</p>\r\n</span>\r\n<p><span style=\"font-size:13px;color:#2b91af\"><span style=\"font-size:13px;color:#2b91af\">HeaderType</span></span><span style=\"font-size:13px\">.First));<br>\r\n<br>\r\nShouldn't for the else case, you want to get the header with&nbsp;&quot;headers.Add(parentDocument.Headers.GetHeader(HeaderType.First))&quot; instead of calling AddNewHeader again? <br>\r\n<br>\r\nThanks,<br>\r\n<br>\r\nPeter.<br>\r\n<p>&nbsp;</p>\r\n</span></p>\r\n",
    "PostedDate": "2008-06-26T16:28:44.947-07:00",
    "UserRole": null,
    "MarkedAsAnswerDate": null
  },
  {
    "Id": "131199",
    "ThreadId": "30362",
    "Html": "I think you're correct. The change will be included in the next version.<br>\r\n<br>\r\n",
    "PostedDate": "2008-11-09T11:51:46.3-08:00",
    "UserRole": null,
    "MarkedAsAnswerDate": null
  }
]