[
  {
    "Id": "252971",
    "ThreadId": "73966",
    "Html": "<p>I'm running into a problem using DocumentBuilder to append documents.&nbsp; The created document won't open in Word.&nbsp; It&nbsp;seems to be missing _rels files for headers that contain images that are detected as duplicate images.&nbsp; For example, the word folder contains a header6.xml file that contains a reference to an image&nbsp;&nbsp;(&lt;v:imagedata r:id=&quot;R4d08269be99f432b&quot; o:title=&quot;&quot; /&gt;).&nbsp; In the words/_rels folder, there is a header6.xml.rels file that references an image in the media folder.&nbsp; There is also a header8.xml file that contains a reference to the same image.&nbsp; But there is no corresponding header8.xml.rels file in the word/_rels folder.&nbsp; I'm not sure if that's a problem in the DocumentBuilder class (I'm using the one in PowerTools for Open XML 1.1.1), or a problem with annotations and FlushParts, or a problem with the SDK (I'm using 2.0).&nbsp; I haven't been able to find a workaround yet.&nbsp; By the way, the OpenXMLValidator class doesn't detect this problem.</p>\r\n<p>I ran into&nbsp;a couple of&nbsp;other issues where I have found a workaround.</p>\r\n<ul>\r\n<li>In DocumentBuilder.FixRanges, line 440, I hit an exception.&nbsp; Should the call to First() be changed to FirstOrDefault()?&nbsp; It's worked for me so far.</li>\r\n<li>Bookmarks don't get new id's, so if the documents you are appending each have a&nbsp;bookmark with id = 1, the final document has duplicate bookmark id's.&nbsp; I don't need bookmarks, so I'm deleting them before I append documents as my workaround.</li>\r\n</ul>\r\n<p>I also hit a problem that is probably an issue with ofc.exe.&nbsp; It generated styles with the sz and szCs elements, and set the val attribute on these elements to 0.&nbsp; The OpenXMLValidator complains that the minimum for val should be 2.&nbsp; It's easily fixed - I'm only mentioning it here since I suspect you have a hand in maintaining that program.</p>\r\n<p>&nbsp;</p>",
    "PostedDate": "2009-11-03T12:48:01.08-08:00",
    "UserRole": null,
    "MarkedAsAnswerDate": null
  },
  {
    "Id": "441456",
    "ThreadId": "73966",
    "Html": "<p>Hi rknorp,</p>\r\n<p>Did you ever find a solution for this? Iv tried to change the Fixranges Method as you stated but this hasn't helped. No-one else has been any help anywhere so im hoping you can help me out.</p>\r\n<p>&nbsp;</p>\r\n<p>Chris</p>",
    "PostedDate": "2010-05-11T06:13:56.197-07:00",
    "UserRole": null,
    "MarkedAsAnswerDate": null
  }
]