[
  {
    "Id": "187035",
    "ThreadId": "55393",
    "Html": "Hi,<br>\r\nI would like to accept revisions made to Content Controls in a Word document. I noticed by looking at the document.xml that they are not shown as w:ins or w:del tags, but it is using w:customXmlDelRangeStart and w:customXmlDelRangeEnd nodes to mark where a deletion starts and ends for example (it seems strange that is not set as a parent node of the deleted nodes).<br>\r\n<br>\r\nIs it possible to do this with Power Tools? if so, how would you do it? I am not very familiar with the OpenXML standard to be able to account for all the possibilities.<br>\r\n<br>\r\nThanks,<br>\r\nJulian\r\n",
    "PostedDate": "2009-05-05T11:35:11.62-07:00",
    "UserRole": null,
    "MarkedAsAnswerDate": null
  }
]