[
  {
    "Id": "1029382",
    "ThreadId": "440028",
    "Html": "Hi,\r<br />\n<br />\nI'm getting issues during merging multiple documents having OleObjects (Linked Objects) having external relationships to files using DocumentBuilder.\r<br />\n<br />\nYou can reproduce this issue by having multiple linked objects in it and try to merge them using DocumentBuilder. \r<br />\n<br />\nAs a result you will have a merged document with OleObjects with broken external relationship and you will no longer able to update those objects by clicking them.\r<br />\n<br />\nI just want to know if this is the issue with DocumentBuilder or I am doing something wrong?\r<br />\n<br />\nFenil.<br />\n",
    "PostedDate": "2013-04-12T00:42:23.647-07:00",
    "UserRole": null,
    "MarkedAsAnswerDate": null
  },
  {
    "Id": "1029444",
    "ThreadId": "440028",
    "Html": "Hi Fenil,\r<br />\n<br />\nThat is an issue with DocumentBuilder.  Currently it does not support merging documents that reference OleObjects.  It is a great idea for a future enhancement.\r<br />\n<br />\nRegards, Eric<br />\n",
    "PostedDate": "2013-04-12T02:51:56.517-07:00",
    "UserRole": null,
    "MarkedAsAnswerDate": null
  },
  {
    "Id": "1029548",
    "ThreadId": "440028",
    "Html": "Thanks Eric for the response.<br />\n<br />\nI guess DocumentBuilder supporting OleObjects and I've successfully able to merge OleObjects(Linked Objects, e.g, Excel file) if they are in only one source document. <br />\n<br />\nBut as soon as multiple documents have OleObjects, after merging they links of OleObjects are getting broken apart from the first OleObject in the document. If possible I could share demo application for this issue.<br />\n<br />\nRegards,<br />\nFenil.<br />\n",
    "PostedDate": "2013-04-12T06:16:16.56-07:00",
    "UserRole": null,
    "MarkedAsAnswerDate": null
  },
  {
    "Id": "1029721",
    "ThreadId": "440028",
    "Html": "I haven't done the analysis of what would be required to support OleObjects.  There probably should be some check to make sure that the same OleObject isn't duplicated in the destination document.  Then to test a number of scenarios, making sure all bases are covered.\r<br />\n<br />\nIt will be some time before I can get to this.  I am over-booked for the next 2 1/2 months.\r<br />\n<br />\nI do have PowerTools on my agenda, and that includes some important enhancements to DocumentBuilder.\r<br />\n<br />\nCheers, Eric<br />\n",
    "PostedDate": "2013-04-12T10:03:17.763-07:00",
    "UserRole": null,
    "MarkedAsAnswerDate": null
  },
  {
    "Id": "1029739",
    "ThreadId": "440028",
    "Html": "Thanks again for your quick response. \r<br />\n<br />\nToday, After investigating further I found that during merging, OleObjects getting duplicated with same id with duplicated shape and shapetypes as well. Probably that could be an issue.\r<br />\n<br />\nI'll look into it further and will try to solve it if possible.\r<br />\n<br />\nIf you can provide any suggestions it will be helpful.\r<br />\n<br />\nThanks again for your time.\r<br />\n<br />\nRegards,\r<br />\nFenil.<br />\n",
    "PostedDate": "2013-04-12T10:38:16.273-07:00",
    "UserRole": null,
    "MarkedAsAnswerDate": null
  },
  {
    "Id": "1029792",
    "ThreadId": "440028",
    "Html": "In DocumentBuilder, you will find a class that it uses to prevent duplication of images.  The correct approach is to make a variation of that class that prevents duplication of the OleObject.  The code will be almost identical.  It could be possible to modify the class to prevent image duplication so that it prevents duplication of multiple types of things, i.e. images and OleObjects, but it is a small class and it is probably more effort that it is worth.  I would probably just create a new class that is nearly identical to that one.\r<br />\n<br />\nCheers, Eric<br />\n",
    "PostedDate": "2013-04-12T12:46:31.753-07:00",
    "UserRole": null,
    "MarkedAsAnswerDate": null
  },
  {
    "Id": "1035080",
    "ThreadId": "440028",
    "Html": "Hi Eric,\r<br />\n<br />\nI've just resolve the issue by making the unique ids for all the shape, shapeTypes and objects associates with each other. And this simple solution have resolve my issue. Below is the code, Let me know if anything is unusual.<br />\n<pre><code> private static void FixUpEmbeddedObjectIds(WordprocessingDocument outputWPDocument)\n {\n     foreach (EmbeddedObject obj in outputWPDocument.MainDocumentPart.Document.Descendants&lt;EmbeddedObject&gt;())\n     {\n         var shapeType = obj.Descendants&lt;DocumentFormat.OpenXml.Vml.Shapetype&gt;().FirstOrDefault();\n         var shape = obj.Descendants&lt;DocumentFormat.OpenXml.Vml.Shape&gt;().FirstOrDefault();\n         var oleObject = obj.Descendants&lt;OleObject&gt;().FirstOrDefault();\n\n         if (shapeType != null &amp;&amp; shape != null)\n         {\n             shapeType.Id = Guid.NewGuid().ToString();\n             shape.Type = shapeType.Id;\n         }\n         if (shape != null &amp;&amp; oleObject != null)\n         {\n             shape.Id = Guid.NewGuid().ToString();\n             oleObject.ShapeId = shape.Id;\n         }\n     }\n }</code></pre>\n\nCheers,\r<br />\nFenil.<br />\n",
    "PostedDate": "2013-04-24T05:02:00.55-07:00",
    "UserRole": null,
    "MarkedAsAnswerDate": null
  }
]