[
  {
    "Id": "29637",
    "Title": "awesome",
    "LatestDate": "2008-06-13T17:23:59.84-07:00"
  },
  {
    "Id": "30115",
    "Title": "parameter naming and definition",
    "LatestDate": "2008-06-24T06:14:07.523-07:00"
  },
  {
    "Id": "30362",
    "Title": "Bug in WatermarkAccesor::InsertWatermark?",
    "LatestDate": "2008-11-09T11:51:46.3-08:00"
  },
  {
    "Id": "33840",
    "Title": "Export-OpenXmlToHtml cmdlet",
    "LatestDate": "2008-11-09T11:56:40.657-08:00"
  },
  {
    "Id": "34972",
    "Title": "New SpreadSheetML cmdlets available",
    "LatestDate": "2008-09-04T16:36:12.423-07:00"
  },
  {
    "Id": "35493",
    "Title": "Can we get a binary?",
    "LatestDate": "2008-09-11T16:43:17.657-07:00"
  },
  {
    "Id": "35496",
    "Title": "Get Power Tools for Open Xml Binaries Here",
    "LatestDate": "2008-09-11T16:57:15.38-07:00"
  },
  {
    "Id": "47443",
    "Title": "PowerTools don't work on template (dotx) files?",
    "LatestDate": "2010-05-11T06:21:34.15-07:00"
  },
  {
    "Id": "48938",
    "Title": "DocProc assembly problem with locked files",
    "LatestDate": "2009-03-22T07:47:42.79-07:00"
  },
  {
    "Id": "55393",
    "Title": "Accepting revisions for Content Controls in Word",
    "LatestDate": "2009-05-05T11:35:11.62-07:00"
  },
  {
    "Id": "56363",
    "Title": "Issues installing PowerTools",
    "LatestDate": "2009-06-17T12:13:49.987-07:00"
  },
  {
    "Id": "56688",
    "Title": "Multiple Tabs in Excel",
    "LatestDate": "2009-05-18T11:42:43.61-07:00"
  },
  {
    "Id": "59350",
    "Title": "Is this in VB.NET?",
    "LatestDate": "2009-06-12T10:49:34.513-07:00"
  },
  {
    "Id": "60600",
    "Title": "Lost image after convert docx to html.",
    "LatestDate": "2013-10-19T11:53:03.337-07:00"
  },
  {
    "Id": "73966",
    "Title": "Problem copying headers with images",
    "LatestDate": "2010-05-11T06:13:56.197-07:00"
  },
  {
    "Id": "83814",
    "Title": "Can't copy the document with AltChunk",
    "LatestDate": "2010-05-11T06:09:06.843-07:00"
  },
  {
    "Id": "205030",
    "Title": "Can'f find DocumentFormat.OpenXML - Win 7 - 64-bit",
    "LatestDate": "2010-03-25T11:09:17.913-07:00"
  },
  {
    "Id": "237349",
    "Title": "Compiling against OpenXml v2.0.50727",
    "LatestDate": "2010-12-09T12:17:28.147-08:00"
  },
  {
    "Id": "238641",
    "Title": "htmlConverter : converting a rich text content control.",
    "LatestDate": "2011-10-24T01:40:44.803-07:00"
  },
  {
    "Id": "255551",
    "Title": "Merging Docx file containing Equations",
    "LatestDate": "2011-04-28T05:44:20.923-07:00"
  },
  {
    "Id": "271949",
    "Title": "Using PowerTools to update bookmark / field values in Word docx?",
    "LatestDate": "2011-09-08T23:01:51.497-07:00"
  },
  {
    "Id": "274332",
    "Title": "Loosing number formats during merge.",
    "LatestDate": "2011-10-03T23:53:16.403-07:00"
  },
  {
    "Id": "276385",
    "Title": "How to write Multiple ROWS of DataTable to bookmark in Word 2007",
    "LatestDate": "2011-10-18T22:13:10.16-07:00"
  },
  {
    "Id": "276668",
    "Title": "Merging Documents Using Content Controls",
    "LatestDate": "2011-10-20T22:55:30.26-07:00"
  },
  {
    "Id": "277507",
    "Title": "Page headers are random, when merging by paragraphs with Document Builder.",
    "LatestDate": "2011-10-31T22:21:27.48-07:00"
  },
  {
    "Id": "277621",
    "Title": "Create ROW for Existing table in Word 2007",
    "LatestDate": "2011-10-30T22:21:29.617-07:00"
  },
  {
    "Id": "281816",
    "Title": "SearchAndReplace function for SpreadsheetDocument",
    "LatestDate": "2011-12-05T01:52:55.467-08:00"
  },
  {
    "Id": "283175",
    "Title": "Tools for PowerPoint",
    "LatestDate": "2011-12-15T22:33:20.947-08:00"
  },
  {
    "Id": "289353",
    "Title": "Merging Documents with different formats Header/Footer",
    "LatestDate": "2012-02-01T12:43:06.597-08:00"
  },
  {
    "Id": "340687",
    "Title": "How can I keep each merged document content inside a content control ?",
    "LatestDate": "2012-02-23T07:58:23.287-08:00"
  },
  {
    "Id": "346826",
    "Title": "Pivot table definition using power tool for open xml",
    "LatestDate": "2012-02-29T23:29:29.197-08:00"
  },
  {
    "Id": "346932",
    "Title": "Add-OpenXmlPicture",
    "LatestDate": "2012-03-01T14:28:26.89-08:00"
  },
  {
    "Id": "354687",
    "Title": "Adding  header to footer to an existing office documents",
    "LatestDate": "2012-05-06T05:12:37.293-07:00"
  },
  {
    "Id": "355533",
    "Title": "Binaries?",
    "LatestDate": "2012-05-12T18:11:30.613-07:00"
  },
  {
    "Id": "389921",
    "Title": "SharedStringTable updates",
    "LatestDate": "2012-08-01T17:55:45.173-07:00"
  },
  {
    "Id": "397278",
    "Title": "How to extract content from Table cell using DocumentBuilder?",
    "LatestDate": "2012-09-28T06:48:44.72-07:00"
  },
  {
    "Id": "434806",
    "Title": "Change to allow a partial importation of KeepSection",
    "LatestDate": "2013-02-27T23:41:59.427-08:00"
  },
  {
    "Id": "440028",
    "Title": "Multiple OleObjects (Linked Objects) are not getting merged properly using DocumentBuilder",
    "LatestDate": "2013-04-24T05:02:00.55-07:00"
  },
  {
    "Id": "442330",
    "Title": "PowerTools 2.2 source code cannot be Referenced in another project",
    "LatestDate": "2013-08-02T04:31:05.37-07:00"
  },
  {
    "Id": "444346",
    "Title": "\"The given path's format is not supported\" when passing argument to any cmdlet",
    "LatestDate": "2013-05-20T15:28:07.56-07:00"
  },
  {
    "Id": "444349",
    "Title": "Runs not merging in Word doc",
    "LatestDate": "2013-05-20T15:52:28.267-07:00"
  },
  {
    "Id": "447121",
    "Title": "Regarding use of OOXML",
    "LatestDate": "2013-06-14T15:55:25.693-07:00"
  },
  {
    "Id": "451845",
    "Title": "Converting programtically created word documents to HTML errors with nulls.",
    "LatestDate": "2013-07-30T08:34:56.683-07:00"
  },
  {
    "Id": "453041",
    "Title": "Convert a docx file to equivalent html file",
    "LatestDate": "2013-10-04T01:23:05.183-07:00"
  },
  {
    "Id": "455246",
    "Title": "Create new worksheet with PowerTools for Open XML (in PowerShell)",
    "LatestDate": "2013-10-04T01:12:03.623-07:00"
  },
  {
    "Id": "460962",
    "Title": "Merge Documents but not headers footers",
    "LatestDate": "2014-07-23T02:50:28.21-07:00"
  },
  {
    "Id": "461785",
    "Title": "Style Pivot Tables",
    "LatestDate": "2013-10-17T06:37:38.467-07:00"
  },
  {
    "Id": "462116",
    "Title": "Pivot Table performance with large datasets",
    "LatestDate": "2013-10-17T06:29:08.05-07:00"
  },
  {
    "Id": "466766",
    "Title": "Construct MDX query from pivotTable structures?",
    "LatestDate": "2013-11-07T00:48:45.09-08:00"
  },
  {
    "Id": "528414",
    "Title": "Dependency with NuGet",
    "LatestDate": "2014-01-30T06:17:09.187-08:00"
  },
  {
    "Id": "529096",
    "Title": "HtmlConverter not honering the formatting information",
    "LatestDate": "2014-02-18T09:24:19.057-08:00"
  },
  {
    "Id": "529114",
    "Title": "Spreadsheet - SetCellValue with prevous style",
    "LatestDate": "2014-02-06T02:57:09.993-08:00"
  },
  {
    "Id": "539953",
    "Title": "HtmlConverter - Unhandled Exception",
    "LatestDate": "2014-03-24T05:10:23.933-07:00"
  },
  {
    "Id": "543181",
    "Title": "Revision Accepter removes Bookmarks",
    "LatestDate": "2014-04-24T04:52:01.163-07:00"
  },
  {
    "Id": "547238",
    "Title": "DOCM filetype",
    "LatestDate": "2014-06-01T23:41:54.907-07:00"
  },
  {
    "Id": "547462",
    "Title": "DocumentBuilder nested altChunk",
    "LatestDate": "2014-06-03T12:31:31.19-07:00"
  },
  {
    "Id": "561487",
    "Title": "OpenXmlMemoryStream",
    "LatestDate": "2014-08-18T05:14:14.05-07:00"
  },
  {
    "Id": "561613",
    "Title": "\"XML data is invalid according to the schema\" after running Comment Merger",
    "LatestDate": "2014-08-20T12:04:08.053-07:00"
  },
  {
    "Id": "566899",
    "Title": "OpenXML Power Tool 2.6- Htmlconverter does not convert chart and puts border which are made hidden in Docx file",
    "LatestDate": "2014-09-09T08:15:22.407-07:00"
  },
  {
    "Id": "571763",
    "Title": "Format Exception in HtmlConverter",
    "LatestDate": "2014-11-11T07:50:31.58-08:00"
  },
  {
    "Id": "576035",
    "Title": "While accepting track changes, header footer gets deleted",
    "LatestDate": "2014-12-22T00:36:32.433-08:00"
  },
  {
    "Id": "576923",
    "Title": "pptx to html",
    "LatestDate": "2015-01-05T12:06:27.293-08:00"
  },
  {
    "Id": "577174",
    "Title": "Using Documentbuilder to merge document which contains Form controls (ActiveX)",
    "LatestDate": "2015-01-08T07:34:01.033-08:00"
  },
  {
    "Id": "584864",
    "Title": "Running PresentationBuilder in Mono .net envirnoment",
    "LatestDate": "2015-03-08T00:38:21.113-08:00"
  },
  {
    "Id": "586805",
    "Title": "Pivot: AddDataValue",
    "LatestDate": "2015-03-16T02:56:32.013-07:00"
  },
  {
    "Id": "637866",
    "Title": "HtmlConverter: weblink and Mail Merge field creates a space",
    "LatestDate": "2015-05-13T01:15:26.5-07:00"
  },
  {
    "Id": "640282",
    "Title": "BuildDocumentToByte - Unable to create mutex",
    "LatestDate": "2015-06-21T23:54:57.133-07:00"
  },
  {
    "Id": "641397",
    "Title": "convert word  file to pdf file",
    "LatestDate": "2015-07-15T04:48:16.507-07:00"
  },
  {
    "Id": "641583",
    "Title": "System.Exception: Internal error 20, found element in OpenXmlPowerTools.RevisionAccepter.AcceptRevisions",
    "LatestDate": "2015-07-23T23:06:16.273-07:00"
  },
  {
    "Id": "641606",
    "Title": "Please Digitally Sign the Nuget packages please",
    "LatestDate": "2015-07-20T21:57:05.823-07:00"
  },
  {
    "Id": "642058",
    "Title": "Getting Error: Duplicate Attribute",
    "LatestDate": "2015-07-28T12:34:15.54-07:00"
  },
  {
    "Id": "651117",
    "Title": "Merging multiple word files (doc / docx) into one word file ?",
    "LatestDate": "2016-02-23T01:53:22.533-08:00"
  },
  {
    "Id": "656176",
    "Title": "Manage Landscape Orientation in DocumentBuilder ? ",
    "LatestDate": "2016-07-07T06:51:07.84-07:00"
  }
]