[
  {
    "Id": "1087604",
    "ThreadId": "455246",
    "Html": "I'm trying to create 2 or more worksheets in excel spreadsheet\r<br />\nIs that possible? I'm googling now for hours, and can't find anything...\r<br />\nEven tried to merge 2 excel file into one with separate tabs/worksheets - no...\r<br />\n<br />\nExport to excel file is easy as\r<br />\n<br />\n$variable | Export-OpenXmlSpreadsheet ps.xlsx\r<br />\n<br />\nbut I'd like to export $variable1 to workseet ONE, $variable2 to worksheet2 etc - all in PowerShell\r<br />\n<br />\nIs that possible?<br />\n",
    "PostedDate": "2013-09-03T03:04:45.113-07:00",
    "UserRole": null,
    "MarkedAsAnswerDate": null
  },
  {
    "Id": "1103518",
    "ThreadId": "455246",
    "Html": "Hi,\r<br />\n<br />\nCurrently, there is no way to do this using the PowerTools for Open XML.  I've added this to my list of future projects.\r<br />\n<br />\nCheers, Eric<br />\n",
    "PostedDate": "2013-10-04T01:12:03.623-07:00",
    "UserRole": null,
    "MarkedAsAnswerDate": null
  }
]