[
  {
    "Id": "669204",
    "ThreadId": "271949",
    "Html": "\r\n<p>Does PowerTools offer proper means to generate Word documents with up-to-date values in bookmarks and form fields? I've got a number of docx report documents that I should populate with current data values from database. This should be done in server as\r\n a web service. The report files have both bookmarks and Word form fields where the updated data should be set.</p>\r\n<p>In addition, some reports consist of multiple document parts, and whether any of the doc parts will be included in the main document depends on the values to be set on certain bookmarks.</p>\r\n<p>OpenXML seems a promising document format for this kind of server side document manipulation. But I haven't found a way to modify the doc content with the SDK alone. Other opinions anyone?</p>\r\n",
    "PostedDate": "2011-09-08T09:49:54.613-07:00",
    "UserRole": null,
    "MarkedAsAnswerDate": null
  },
  {
    "Id": "669514",
    "ThreadId": "271949",
    "Html": "<p>Hi,</p>\r\n<p>See <a href=\"http://openxmldeveloper.org/blog/b/openxmldeveloper/archive/2011/09/01/how-to-retrieve-the-text-of-a-bookmark-from-an-openxml-wordprocessingml-document.aspx\">this video on retrieving the text of a bookmark</a>.</p>\r\n<p>Then view <a href=\"http://openxmldeveloper.org/blog/b/openxmldeveloper/archive/2011/09/06/replacing-text-of-a-bookmark-in-an-openxml-wordprocessingml-document.aspx\">this video on setting the text of a bookmark</a>.</p>\r\n<p>To date, I haven't seen any code on setting fields.&nbsp; It is not very hard, but we should have something on that.&nbsp; I'll add it to the list.</p>\r\n<p>-Eric</p>",
    "PostedDate": "2011-09-08T23:01:51.497-07:00",
    "UserRole": null,
    "MarkedAsAnswerDate": null
  }
]