[
  {
    "Id": "1434461",
    "ThreadId": "641397",
    "Html": "Can I use the PowerTools for Open XML to convert word  file to pdf file?\r<br />\nAssuming that this is possible, how can I do this?<br />\n",
    "PostedDate": "2015-07-15T03:51:10.26-07:00",
    "UserRole": null,
    "MarkedAsAnswerDate": null
  },
  {
    "Id": "1434466",
    "ThreadId": "641397",
    "Html": "No, this is not a feature of PowerTools.  I don't know of any open source tools that do this.  There <em>might</em> be some proprietary tools that can do this, but I'm not aware of them.<br />\n",
    "PostedDate": "2015-07-15T04:48:16.507-07:00",
    "UserRole": null,
    "MarkedAsAnswerDate": null
  }
]