[
  {
    "Id": "1425115",
    "ThreadId": "637866",
    "Html": "Hi,<br />\n<br />\nI'm using the HtmlConverter together with this <a href=\"http://www.codeproject.com/Articles/38575/Fill-Mergefields-in-docx-Documents-without-Microso\" rel=\"nofollow\">http://www.codeproject.com/Articles/38575/Fill-Mergefields-in-docx-Documents-without-Microso</a> to create a mail from a docx Mail Merge. My problem is that an weblink which looks like this: <code>www.webpage.com/{MailMerge}</code> will look like this after the HtmlConverter: <code>www.webpage.com/ site</code>, while if I just take the document after the Mail Merge replace it looks as it should: <code>www.webpage.com/site</code><br />\n<br />\nDoes anyone know what the problem could be? One solution is to just replace it with a Merge field with the entire link but I would like to fix the problem anyway.<br />\n",
    "PostedDate": "2015-05-13T01:15:26.5-07:00",
    "UserRole": null,
    "MarkedAsAnswerDate": null
  }
]