[
  {
    "Id": "707427",
    "ThreadId": "281816",
    "Html": "\r\n<p>Hi all,</p>\r\n<p>I need to search and replace keywords by others wors in an XLSX file.</p>\r\n<p>The function is avialable for Presentation and Word document but not for SpeadSheet document.</p>\r\n<p>Is there a development on this feature ?</p>\r\n<p>&nbsp;</p>\r\n<p>Many thanks in advance for your hlep</p>\r\n",
    "PostedDate": "2011-12-05T01:52:55.467-08:00",
    "UserRole": null,
    "MarkedAsAnswerDate": null
  }
]