[
  {
    "Id": "804040",
    "ThreadId": "346932",
    "Html": "<p>&nbsp;</p>\n<pre>I'm trying to add Picture to docx document using Add-OpenXmlPicture </pre>\n<pre><div style=\"color: black; background-color: white;\"><pre>Add<span style=\"color: gray;\">-</span>OpenXmlPicture <span style=\"color: gray;\">-</span>PicturePath <span style=\"color: #a31515;\">\"CCF20120226_00000.jpg\"</span> <span style=\"color: gray;\">-</span>Document <span style=\"color: #a31515;\">'tmp.docx'</span> <span style=\"color: gray;\">-</span>InsertionPoint <span style=\"color: #a31515;\">'/w:document/w:body/w:p[last()]'</span>\n</pre>\n</div>\n<br /></pre>\n<pre><pre>Problem is that the picture is too big (3436x2409) how I can resize picture using powershell command?</pre>\n</pre>\n<pre>The image must stay in original size I'm interested in changing the resolution in the document.</pre>",
    "PostedDate": "2012-03-01T14:28:26.89-08:00",
    "UserRole": null,
    "MarkedAsAnswerDate": null
  }
]