[
  {
    "Id": "1038502",
    "ThreadId": "442330",
    "Html": "Hi,\r<br />\nI'm trying to use the PowerTools 2.2 in my project, I need to use the MarkupSimplifier class as in Eric's blog post - <a href=\"http://ericwhite.com/blog/2011/03/09/getting-started-with-open-xml-powertools-markup-simplifier\" rel=\"nofollow\">http://ericwhite.com/blog/2011/03/09/getting-started-with-open-xml-powertools-markup-simplifier</a>.\r<br />\n<br />\nI’m using it with Visual Studio 2010 in the source code. I’ve included the PowerTools 2.2 project that I downloaded from codeplex to my solution and then added the reference to OpenXmlPowerTools in my project so I can use MarkupSimplifier.\r<br />\nWhen I try to debug the solution initially it loads fine but later gives an exception:<br />\n<pre><code>System.IO.FileNotFoundException was caught\nMessage=Could not load file or assembly ‘OpenXmlPowerTools, Version=2.2.0.0, Culture=neutral, PublicKeyToken=981466f262afc448′ or one of its dependencies. The system cannot find the file specified.\nI’m really stumped, I’ve tried adding reference to only the OpenXmlPowerTools DLL but that doesn’t seem to work either and gives same message.</code></pre>\n\nAlso, I’m using Windows Server 2008 R2, and Sharepoint 2010 with Powershell 2.0\r<br />\n<br />\nNot sure what might be causing the exceptions? \r<br />\nPlease could someone help.\r<br />\n<br />\nMany thanks\r<br />\nHimanshu<br />\n",
    "PostedDate": "2013-05-02T05:02:44.637-07:00",
    "UserRole": null,
    "MarkedAsAnswerDate": null
  },
  {
    "Id": "1039834",
    "ThreadId": "442330",
    "Html": "Himanshu,\r<br />\n<br />\nI am not sure but adding references to &quot;DocumentFormat.OpenXml&quot; and &quot;WindowsBase&quot; apart from OpenXmlPowerTools dll in your project can resolve your issue.\r<br />\n<br />\n-- Fenil.<br />\n",
    "PostedDate": "2013-05-06T05:18:47.13-07:00",
    "UserRole": null,
    "MarkedAsAnswerDate": null
  },
  {
    "Id": "1075955",
    "ThreadId": "442330",
    "Html": "Hi,\r<br />\n<br />\nAnother approach is to just drop the PowerTools source code modules directly in your C# project.  This is what I do all the time.  For MarkupSimplifier.cs, you need:<br />\n<ul>\n<li>PtUtil.cs</li>\n<li>PtOpenXmlUtil.cs</li>\n<li>PtOpenXmlDocument.cs</li>\n<li>MarkupSimplifier.cs</li>\n<li>\nRevisionAccepter.cs<br />\n</li>\n</ul>\nThen you will certainly have no problems with linking, or with finding the DLL in the GAC.\r<br />\n<br />\nCheers, Eric<br />\n",
    "PostedDate": "2013-08-02T04:31:05.37-07:00",
    "UserRole": null,
    "MarkedAsAnswerDate": null
  }
]