[
  {
    "Id": "287867",
    "ThreadId": "83814",
    "Html": "<p>Using the sample code to copy the source document (source1) with AltChunk to another document (test3)</p>\r\n<p>&nbsp;</p>\r\n<div style=\"color:Black;background-color:White\">\r\n<pre><span style=\"color:Blue\">using</span> (WordprocessingDocument part1 = WordprocessingDocument.Open(<span style=\"color:#A31515\">&quot;Source1.docx&quot;</span>, <span style=\"color:Blue\">false</span>))\r\n    {\r\n          List&lt;Source&gt; sources = <span style=\"color:Blue\">new</span> List&lt;Source&gt;();\r\n          sources.Add(<span style=\"color:Blue\">new</span> Source(part1, <span style=\"color:Blue\">true</span>));\r\n          DocumentBuilder.BuildDocument(sources, <span style=\"color:#A31515\">&quot;Test3.docx&quot;</span>);\r\n    }\r\n \r\n</pre>\r\n</div>\r\n<p>No errors during execution, but the resulted &quot;test3.docx&quot; is broken - neither office nor SKD Productivity Tool can't open resulted file.</p>\r\n<p>What can be the issue and are there any workarounds?!</p>\r\n<div id=\"_mcePaste\" style=\"left:-10000px;top:0px;width:1px;height:1px;overflow-x:hidden;overflow-y:hidden\">using (WordprocessingDocument part2 = WordprocessingDocument.Open(&quot;Source1.docx&quot;, false))</div>\r\n<div id=\"_mcePaste\" style=\"left:-10000px;top:0px;width:1px;height:1px;overflow-x:hidden;overflow-y:hidden\">&nbsp;&nbsp; &nbsp; &nbsp; &nbsp; &nbsp; &nbsp;{</div>\r\n<div id=\"_mcePaste\" style=\"left:-10000px;top:0px;width:1px;height:1px;overflow-x:hidden;overflow-y:hidden\">&nbsp;&nbsp; &nbsp; &nbsp; &nbsp; &nbsp; &nbsp; &nbsp; &nbsp;List&lt;Source&gt; sources = new List&lt;Source&gt;();</div>\r\n<div id=\"_mcePaste\" style=\"left:-10000px;top:0px;width:1px;height:1px;overflow-x:hidden;overflow-y:hidden\">&nbsp;&nbsp; &nbsp; &nbsp; &nbsp; &nbsp; &nbsp; &nbsp; &nbsp;sources.Add(new Source(part1, true));</div>\r\n<p>&nbsp;</p>\r\n<p>&nbsp;</p>",
    "PostedDate": "2010-02-09T14:55:47.797-08:00",
    "UserRole": null,
    "MarkedAsAnswerDate": null
  },
  {
    "Id": "441454",
    "ThreadId": "83814",
    "Html": "<p>Hi laflour,</p>\r\n<p>Theres an issue with the versions when doing this, had the same problem.</p>\r\n<p>You will need versions:</p>\r\n<p>DocumentFormat.OpenXML Runtime: v2.0.50727 version 2.0.3302.0</p>\r\n<p>WindowsBase Runtime v2.0.50727 version 3.0.0.0</p>\r\n<p>and OpenXML.Powertools Runtime v2.0.50727 version 2.0.8.0</p>\r\n<p>&nbsp;</p>\r\n<p>Guessing you've already sorted this but hope it helps anyone else.</p>\r\n<p>&nbsp;</p>",
    "PostedDate": "2010-05-11T06:09:06.843-07:00",
    "UserRole": null,
    "MarkedAsAnswerDate": null
  }
]