[
  {
    "Id": "1320820",
    "ThreadId": "571763",
    "Html": "Hi,<br />\n<br />\nI am new to Open XML and PowerTools. I just recently downloaded PowerTools Core 2.7.04, ran the HtmlConverter01 project and got a format exception for test-01.docx on line 468 in HtmlConverter.cs:<br />\n<pre><code>var tabWidth = (decimal)tabWidthAtt;</code></pre>\n\ntabWidthAtt is {pt14:TabWidth=&quot;0,11&quot;}. Note that the decimal separator is a comma (probably because of Norwegian locale is used somewhere). Can I fix this by changing some settings?<br />\n<br />\n(note that this is easily fixed by changing the code to <br />\n<pre><code>var tabWidth =decimal.Parse(tabWidthAtt.Value);</code></pre>\n\nBut that should not be necessary.) <br />\n",
    "PostedDate": "2014-11-11T02:35:16.497-08:00",
    "UserRole": null,
    "MarkedAsAnswerDate": null
  },
  {
    "Id": "1320928",
    "ThreadId": "571763",
    "Html": "Things like<br />\n<pre><code>string.Format(&quot;{0:0.00}&quot;, (decimal)delta2 / 1440m)</code></pre>\n\nare all over the place in HtmlConverter.cs, also for css. That does not work well if the current thread culture has comma as decimal separator (like most of Europe). The format exception thrown  from System.Xml.Linq.XAttribute explicit conversion to decimal is just one of the problems, the css will also get full of nonsense like &quot;padding-right:5,4pt;&quot;.\r<br />\n<br />\nShouldn't the code in HtmlConverter be like this or similar?<br />\n<pre><code>string.Format(CultureInfo.InvariantCulture, &quot;{0:0.00}&quot;, (decimal)delta2 / 1440m)\n</code></pre>\n\n(The CSS or HTML specifications are not culture dependent)\r<br />\n<br />\nA quick fix is to change the CurrentCulture for the thread:<br />\n<pre><code>Thread.CurrentThread.CurrentCulture = CultureInfo.InvariantCulture;</code></pre>\n\n",
    "PostedDate": "2014-11-11T07:50:31.58-08:00",
    "UserRole": null,
    "MarkedAsAnswerDate": null
  }
]