[
  {
    "Id": "687232",
    "ThreadId": "276668",
    "Html": "<p>I have downloaded DocumentBuilderContentControls.zip (from here <a href=\"http://blogs.msdn.com/b/ericwhite/archive/2009/04/21/using-documentbuilder-with-content-controls-for-document-assembly.aspx\">http://blogs.msdn.com/b/ericwhite/archive/2009/04/21/using-documentbuilder-with-content-controls-for-document-assembly.aspx</a>) and it only contains a DocProcs.cs and a template and nunmber of other Word documents to this.</p>\n<p>Can someone please explain how I run this code to merge the dontent of the documents into the template?</p>\n<p>I am a novice and have installed Visual Studio 2010 and loaded the OpenXMLPowerTool v1.1.1 and managed to build this and perform the installation steps (after working out I needed to install the binary files) but now I'm stuck.</p>\n<p>As I'm a beginer I would be grateful if if these instructions could be stepped out 1.. 2.. 3. so I can better understand what I need to do.</p>\n<p>Many thanks in advance<br />Regards<br />Dave Gorodn&nbsp;</p>",
    "PostedDate": "2011-10-20T22:55:30.26-07:00",
    "UserRole": null,
    "MarkedAsAnswerDate": null
  }
]