[
  {
    "Id": "1008041",
    "ThreadId": "434806",
    "Html": "Hello,<br />\n<br />\nI have tried to merge some documents but by keeping the informations of the first document. So, when I added a source for the first document I had to add True to KeepSection. For the other documents as I needed to keep the header and footer of the first document I had to put False. The problem was that a custom margin was only allowed for the content of the first document and the other documents had lost the custom margins.<br />\nI have made the following change (in case someone is interested : <br />\nIn the file <br />\nDocumentBuilder.cs<br />\nFunction BuildDocument<br />\nIn the end of the function there is <br />\n<br />\nelse<br />\n<pre><code>FixUpSectionProperties(output);\n</code></pre>\n\nI have put the two lines in comment so the new code is <br />\n<br />\n //else<br />\n<pre><code>            //    FixUpSectionProperties(output);\n</code></pre>\n\nthe end of the function looks like that <br />\n<br />\nif (!sources.Any(s =&gt; s.KeepSections))<br />\n<pre><code>            {\n                using (OpenXmlMemoryStreamDocument streamDoc = new OpenXmlMemoryStreamDocument(sources[0].WmlDocument))\n                using (WordprocessingDocument doc = streamDoc.GetWordprocessingDocument())\n                {\n                    var sectPr = doc.MainDocumentPart.GetXDocument().Root.Element(W.body)\n                        .Elements().Last();\n                    if (sectPr.Name == W.sectPr)\n                    {\n                        AddSectionAndDependencies(doc, output, sectPr, images);\n                        output.MainDocumentPart.GetXDocument().Root.Element(W.body).Add(sectPr);\n                    }\n                }\n            }\n            //else\n            //    FixUpSectionProperties(output);\n        }\n        foreach (var part in output.GetAllParts())\n            if (part.Annotation&lt;XDocument&gt;() != null)\n                part.PutXDocument();\n    }</code></pre>\n\nWith this change I can keep the header / footer / margins of the first documents without losing parameters from the other ones.<br />\n<br />\nMarc<br />\n",
    "PostedDate": "2013-02-27T23:41:59.427-08:00",
    "UserRole": null,
    "MarkedAsAnswerDate": null
  }
]