[
  {
    "Id": "191581",
    "ThreadId": "56688",
    "Html": "<p>Thank you for writing these cmdlets.</p>\r\n<p>Question. <span style=\"font-size:x-small;color:#800000;font-family:Courier New\"><span style=\"font-size:x-small;color:#800000;font-family:Courier New\"><span style=\"font-size:x-small;color:#800000;font-family:Courier New\">Export-OpenXmlSpreadsheet <span style=\"color:#000000;font-family:Segoe UI\">creates a spreadsheet perfectly.&nbsp; Will you support exporting to a new tab within an existing spreadsheet?</span></span></span></span></p>\r\n<p><span style=\"font-size:x-small;color:#800000;font-family:Courier New\"><span style=\"font-size:x-small;color:#800000;font-family:Courier New\"><span style=\"font-size:x-small;color:#800000;font-family:Courier New\"><span style=\"color:#000000;font-family:Segoe UI\">dloop</span></span></span></span></p>",
    "PostedDate": "2009-05-18T11:42:43.61-07:00",
    "UserRole": null,
    "MarkedAsAnswerDate": null
  }
]