[
  {
    "Id": "1302896",
    "ThreadId": "566899",
    "Html": "Hi,\r<br />\n<br />\nI am using OpenXML Power tools 2.6.\r<br />\nI am trying to convert a docx into html.\r<br />\nBut i m facing few difficulties<br />\n<ol>\n<li>Chart is not converted</li>\n<li>I have made a tabular structure but i have hidden all the borders but still the html file shows borders</li>\n<li>Included a .png file but it gets distorted. </li>\n</ol>\n",
    "PostedDate": "2014-09-09T08:15:22.407-07:00",
    "UserRole": null,
    "MarkedAsAnswerDate": null
  }
]