[
  {
    "Id": "1046226",
    "ThreadId": "444349",
    "Html": "Using the following settings in my C# program:<br />\n<pre><code>SimplifyMarkupSettings settings = new SimplifyMarkupSettings\n                {\n                    AcceptRevisions = true,\n                    RemoveComments = true,\n                    RemoveContentControls = true,\n                    RemoveEndAndFootNotes = true,\n                    RemoveFieldCodes = true,\n                    RemoveLastRenderedPageBreak = true,\n                    RemovePermissions = true,\n                    RemoveProof = true,\n                    RemoveRsidInfo = true,\n                    RemoveSmartTags = true,\n                    RemoveSoftHyphens = true,\n                    ReplaceTabsWithSpaces = true,\n                    RemoveBookmarks = true,\n                    RemoveGoBackBookmark = true,\n                    NormalizeXml = true,\n                    RemoveWebHidden = true\n                };</code></pre>\n\nBut there are still breaks in my text that I'm trying to process with XSLT; looks like runs are not being combined as the tool is supposed to (AFAIK from reading docs). Here's some of the generated XML after running the tool. Note the comments (added by me). The text should be a single run of 'What I have learned' but it's split into 2 runs, the first containing 'What I have l' and the second, 'earned'. Both have the exact same &lt;w:rPr/&gt; preceding them. How can I merge these two?<br />\n<pre><code>&lt;w:p w:rsidR=&quot;00F10DB1&quot; w:rsidRDefault=&quot;00FC4BC1&quot;&gt;\n                        &lt;w:pPr&gt;\n                            &lt;w:spacing w:before=&quot;120&quot; w:after=&quot;0&quot; w:line=&quot;240&quot; w:lineRule=&quot;auto&quot;/&gt;\n                            &lt;w:rPr&gt;\n                                &lt;w:rFonts w:ascii=&quot;Arial&quot; w:hAnsi=&quot;Arial&quot;/&gt;\n                                &lt;w:b/&gt;\n                                &lt;w:sz w:val=&quot;24&quot;/&gt;\n                                &lt;w:szCs w:val=&quot;24&quot;/&gt;\n                            &lt;/w:rPr&gt;\n                        &lt;/w:pPr&gt;\n                        &lt;w:r&gt;\n                            &lt;w:rPr&gt;\n                                &lt;w:rFonts w:ascii=&quot;Arial&quot; w:hAnsi=&quot;Arial&quot;/&gt;\n                                &lt;w:b/&gt;\n                                &lt;w:sz w:val=&quot;24&quot;/&gt;\n                                &lt;w:szCs w:val=&quot;24&quot;/&gt;\n                            &lt;/w:rPr&gt;\n                            &lt;w:t&gt;What I have l&lt;/w:t&gt; &lt;!-- HERE --&gt;\n                        &lt;/w:r&gt;\n                        &lt;w:r&gt;\n                            &lt;!-- THIS IS SAME AS ABOVE, NO? --&gt;\n                            &lt;w:rPr&gt;\n                                &lt;w:rFonts w:ascii=&quot;Arial&quot; w:hAnsi=&quot;Arial&quot;/&gt;\n                                &lt;w:b/&gt;\n                                &lt;w:sz w:val=&quot;24&quot;/&gt;\n                                &lt;w:szCs w:val=&quot;24&quot;/&gt;\n                            &lt;/w:rPr&gt;\n                            &lt;w:t&gt;earned&lt;/w:t&gt; &lt;!-- CONTINUED HERE --&gt;\n                        &lt;/w:r&gt;\n                    &lt;/w:p&gt;</code></pre>\n\n",
    "PostedDate": "2013-05-20T15:52:28.267-07:00",
    "UserRole": null,
    "MarkedAsAnswerDate": null
  }
]