[
  {
    "Id": "1435072",
    "ThreadId": "641583",
    "Html": "I want to Accept all the track changes from word document. I have written following codes to do so.<br />\n<pre><code>using (WordprocessingDocument wordDoc =\n                           WordprocessingDocument.Open(filePath, true))\n            {\n                OpenXmlPowerTools.RevisionAccepter.AcceptRevisions(wordDoc);\n\n            }</code></pre>\n\nBut above code is not working in some of the document. It shows <strong>System.Exception: Internal error 20, found element</strong> exception in some of the document.<br />\n<br />\nSo is there any issue with my word document? If yes then what should I look into document? In short I want to know that what is wrong with my document so that I can correct my document to run above code.<br />\n<br />\nAnother thing is that I am able to accept tracking changes in Word 2013/2010/2007 itself!!<br />\n<br />\nAny help would be highly appreciated,<br />\n",
    "PostedDate": "2015-07-20T03:49:45.923-07:00",
    "UserRole": null,
    "MarkedAsAnswerDate": null
  },
  {
    "Id": "1435076",
    "ThreadId": "641583",
    "Html": "Does your document validate successfully using the Open XML SDK?  You can easily test this also using the Open XML SDK Productivity Tool, which you can download from MSDN.\r<br />\n<br />\nPresuming that your document validates successfully, could you please attach your document to a post here, so I can determine what is wrong?<br />\n",
    "PostedDate": "2015-07-20T04:26:02.15-07:00",
    "UserRole": null,
    "MarkedAsAnswerDate": null
  },
  {
    "Id": "1435082",
    "ThreadId": "641583",
    "Html": "Thanks for quick reply. Can you suggest me some link or code to check if document is validated or not using Open XML SDK Productivity Tool? And I cannot send the actual document because of business critical.. <br />\n",
    "PostedDate": "2015-07-20T04:59:34.13-07:00",
    "UserRole": null,
    "MarkedAsAnswerDate": null
  },
  {
    "Id": "1435092",
    "ThreadId": "641583",
    "Html": "<a href=\"http://www.microsoft.com/en-in/download/details.aspx?id=30425\" rel=\"nofollow\">http://www.microsoft.com/en-in/download/details.aspx?id=30425</a><br />\n",
    "PostedDate": "2015-07-20T05:55:42.593-07:00",
    "UserRole": null,
    "MarkedAsAnswerDate": null
  },
  {
    "Id": "1435227",
    "ThreadId": "641583",
    "Html": "I have tried document using OpenXML SDK, and I am able to open document successfully. Also I have tried some operations like adding some paragraph using Open XML, Removing Comments from document, It is working fine. Is there any other thing which should I check with Open XML SDK?<br />\n",
    "PostedDate": "2015-07-20T20:58:48.907-07:00",
    "UserRole": null,
    "MarkedAsAnswerDate": null
  },
  {
    "Id": "1435229",
    "ThreadId": "641583",
    "Html": "Without having the document, it is difficult to debug.  Can you remove all sensitive information from the document, and then post it?<br />\n",
    "PostedDate": "2015-07-20T21:23:28.047-07:00",
    "UserRole": null,
    "MarkedAsAnswerDate": null
  },
  {
    "Id": "1435430",
    "ThreadId": "641583",
    "Html": "Thanks for reply. You can get document from <a href=\"https://onedrive.live.com/redir?resid=DA277C16DEA22E37!899&amp;authkey=!APBG9DAEWlimwx8&amp;ithint=file%2cdocx\" rel=\"nofollow\">here</a>. I am eagerly waiting for your reply. If it is not possible to stop this exception that request you to just tell me reason so then in future when I am creating document, I will take care about it.<br />\n",
    "PostedDate": "2015-07-21T21:46:38.593-07:00",
    "UserRole": null,
    "MarkedAsAnswerDate": null
  },
  {
    "Id": "1435723",
    "ThreadId": "641583",
    "Html": "<a href=\"https://www.dropbox.com/sh/ipgren9llhi5sw0/AACXtjUOunRS7XhoWwId2gqfa?dl=0\" rel=\"nofollow\">Here is a new RevisionAccepter</a> that fixes the issue.  Looking at the example, I can see why I never saw this issue.  It occurs when there is a 'move-to' region immediately before a table, but where the contents of the 'move-to' were subsequently deleted after being moved.  All of those conditions needed to be true in order for this to fail in this fashion.  I have added xUnit tests for this circumstance, and this fixed RevisionAccepter will be in the next release of PowerTools, probably some time in the next 2 weeks.<br />\n",
    "PostedDate": "2015-07-23T10:37:23.497-07:00",
    "UserRole": null,
    "MarkedAsAnswerDate": "2015-07-23T21:15:00.39-07:00"
  },
  {
    "Id": "1435770",
    "ThreadId": "641583",
    "Html": "Thanks you very much Eric. I really appreciate your help. Currently In my project I have directly added reference of OpenXmlPowerTools.dll in my project. Can you give me so insight like how can I integrate your updated RevisionAccepter.cs in my solution?<br />\n",
    "PostedDate": "2015-07-23T21:06:20.683-07:00",
    "UserRole": null,
    "MarkedAsAnswerDate": null
  },
  {
    "Id": "1435771",
    "ThreadId": "641583",
    "Html": "I have copied your updated RevisionAccepter.cs File and called AcceptRevisions method from updated RevisionAccepter.cs and now it's working like a charm. Thank you very much again.<br />\n",
    "PostedDate": "2015-07-23T21:14:54.837-07:00",
    "UserRole": null,
    "MarkedAsAnswerDate": null
  },
  {
    "Id": "1435786",
    "ThreadId": "641583",
    "Html": "Awesome!  :)<br />\n",
    "PostedDate": "2015-07-23T23:06:16.273-07:00",
    "UserRole": null,
    "MarkedAsAnswerDate": null
  }
]