[
  {
    "Id": "1079053",
    "ThreadId": "453041",
    "Html": "Hello I have a task of converting the docx file to its lookalike html document. \r<br />\n<br />\nIs there way to do this?\r<br />\n<br />\nI used the OpenXMLPowertools.dll to convert the docx file to html, but in the generated html file the original styles present in the docx files are lost.  How to generate a lookalike html file from the docx. \r<br />\nIf code samples are already there kindly share them. It will of great help. <br />\n",
    "PostedDate": "2013-08-10T06:20:55.33-07:00",
    "UserRole": null,
    "MarkedAsAnswerDate": null
  },
  {
    "Id": "1103523",
    "ThreadId": "453041",
    "Html": "Hi,\r<br />\n<br />\nThis is a project that I am currently working on.  I have made good progress, but don't have anything to deliver yet.<br />\n",
    "PostedDate": "2013-10-04T01:17:11.99-07:00",
    "UserRole": null,
    "MarkedAsAnswerDate": null
  },
  {
    "Id": "1103527",
    "ThreadId": "453041",
    "Html": "Thank you<br>\r\n<br>\r\n",
    "PostedDate": "2013-10-04T01:23:05.183-07:00",
    "UserRole": null,
    "MarkedAsAnswerDate": null
  }
]