[
  {
    "Id": "894408",
    "ThreadId": "389921",
    "Html": "\r\n<p>Was looking through the AddValue method in WorkSheetAccessor class. While adding a value to a cell shouldn't the SharedStringTable be updated, And the reference ShareStringIndex used as a value in the Cell?</p>\r\n<p>Better still shall we have another AddValue() which lets one update SharedStringTable as well, setting the data type as SharedString?</p>\r\n",
    "PostedDate": "2012-08-01T17:55:45.173-07:00",
    "UserRole": null,
    "MarkedAsAnswerDate": null
  }
]