[
  {
    "Id": "100333",
    "ThreadId": "30115",
    "Html": "<p>Hello.<br>\r\nI'm glad to get this.</p>\r\n<p>But I noticed that several characters of the beginning their parameters were overlapping. <br>\r\nSo it need to type many keys.</p>\r\n<p>For example, in the case of Export-OpenXmlSpreadsheet</p>\r\n<p>-Chart -ChartType -ColumnsToChart -Confirm<br>\r\n-OutBuffer -OutputPath -OutVariable</p>\r\n<p>I think if it replace &quot;ChartType&quot; to like &quot;TypeOfChart&quot; or&nbsp;unite&nbsp;-ChartType&nbsp;and&nbsp; -Chart&nbsp;switch parameter,<br>\r\nand replace &quot;OutputPath&quot; to &quot;Path&quot; or put position for -OutputPath,<br>\r\nit will be fewer types than before.</p>\r\n<p>How is it?<br>\r\n<br>\r\nthanks.<br>\r\n<br>\r\nJunn</p>\r\n",
    "PostedDate": "2008-06-23T04:23:34.86-07:00",
    "UserRole": null,
    "MarkedAsAnswerDate": null
  },
  {
    "Id": "100457",
    "ThreadId": "30115",
    "Html": "<p>Hi Junn,</p>\r\n<p>Yes, I agree with you.&nbsp; I'll log this as an issue.</p>\r\n<p>Also, we have had some people comment on the naming of cmdlets: Export-OpenXmlSpreadsheet perhaps should be New-OpenXmlSpreadsheet.&nbsp; What do you think?</p>\r\n<p>-Eric</p>\r\n",
    "PostedDate": "2008-06-23T15:34:01.507-07:00",
    "UserRole": null,
    "MarkedAsAnswerDate": null
  },
  {
    "Id": "100538",
    "ThreadId": "30115",
    "Html": "Thanks Eric.<br>\r\n<br>\r\n<div style=\"border-right:medium none;padding-right:0.2em;border-top:#aaa 0.1em dotted;padding-left:0.2em;padding-bottom:0.2em;margin:1em 0em 2.5em 3em;border-left:medium none;padding-top:0.2em;border-bottom:#aaa 0.1em dotted;font-style:italic\">Also, we have had some people comment on the naming of cmdlets: Export-OpenXmlSpreadsheet perhaps should be New-OpenXmlSpreadsheet.&nbsp; What do you think?</div>\r\n<p>That is very difficult for me.<br>\r\nConsidering how Export-OpenXmlSpreadsheet is used, I feel that&nbsp;he resembles Export-Csv and Export-Clixml.<br>\r\nSo I think &quot;Export&quot; perhaps suit him...</p>\r\n<p>Junn</p>\r\n",
    "PostedDate": "2008-06-24T06:14:07.523-07:00",
    "UserRole": null,
    "MarkedAsAnswerDate": null
  }
]