[
  {
    "Id": "1360700",
    "ThreadId": "584864",
    "Html": "I am trying to run the following code in linux based environment (Mac OS)  \r<br />\n<pre><code>List&lt;SlideSource&gt; sources = null;\n\nsources = new List&lt;SlideSource&gt;()\n{\n  new SlideSource(@&quot;/Users/Ameer/Desktop/OneDrive-2015-03-04/1.pptx&quot;, true), \n  new SlideSource(@&quot;/Users/Ameer/Desktop/OneDrive-2015-03-04/2.pptx&quot;, true), \n   new SlideSource(@&quot;/Users/Ameer/Desktop/OneDrive-2015-03-04/3.pptx&quot;, true), \n };\n        \nPresentationBuilder.BuildPresentation(sources,&quot;out.pptx&quot;);</code></pre>\n\nHowever, i got the following error when running it :<br />\n<pre><code>OpenXmlPowerTools.PowerToolsDocumentException: Operation not valid when package is read-only\n  at OpenXmlPowerTools.OpenXmlMemoryStreamDocument.GetPresentationDocument () </code></pre>\n\nThe code runs fine in Windows 7.\r<br />\n<br />\nIs this a bug, any suggestions on how to resolve this issue?<br />\n",
    "PostedDate": "2015-03-08T00:38:21.113-08:00",
    "UserRole": null,
    "MarkedAsAnswerDate": null
  }
]