[
  {
    "Id": "1340069",
    "ThreadId": "577174",
    "Html": "I have been using Powertools for Open XML for some time and in one project the customer have beginning to use form controls of ActiveX type.<br />\nWhen trying to merge a template (dotx) with a docx-document containing these form controls I get this error:<br />\n{&quot;Source 0 is unsupported document - contains ActiveX controls&quot;}<br />\n<br />\nIf I use a document without ActiveX controls it all works fine.<br />\n<br />\nHave anybody an idea on how to get around this?<br />\n<br />\nI'm currently using version 2.2.7.<br />\n<br />\nThanks in advance<br />\n<br />\nRegards Peter Karlström<br />\nMidrange AB, Sweden<br />\n",
    "PostedDate": "2015-01-08T07:34:01.033-08:00",
    "UserRole": null,
    "MarkedAsAnswerDate": null
  }
]