[
  {
    "Id": "536807",
    "ThreadId": "238641",
    "Html": "\r\n<p>Hi Eric,</p>\r\n<p>The htmlConverter works very well, but I have to transform the content of a rich content, and I just can't figure out how to just transform the control content.</p>\r\n<p>My idea : get the content using</p>\r\n<p>&nbsp;&nbsp;&nbsp;&nbsp;&nbsp;&nbsp;&nbsp;&nbsp;&nbsp;&nbsp;&nbsp;&nbsp;&nbsp;&nbsp;&nbsp; var sdt = doc.MainDocumentPart<br>\r\n&nbsp;&nbsp;&nbsp;&nbsp;&nbsp;&nbsp;&nbsp;&nbsp;&nbsp;&nbsp;&nbsp;&nbsp;&nbsp;&nbsp;&nbsp;&nbsp;&nbsp;&nbsp;&nbsp;&nbsp;&nbsp;&nbsp;&nbsp;&nbsp;&nbsp;&nbsp;&nbsp; .GetXDocument()<br>\r\n&nbsp;&nbsp;&nbsp;&nbsp;&nbsp;&nbsp;&nbsp;&nbsp;&nbsp;&nbsp;&nbsp;&nbsp;&nbsp;&nbsp;&nbsp;&nbsp;&nbsp;&nbsp;&nbsp;&nbsp;&nbsp;&nbsp;&nbsp;&nbsp;&nbsp;&nbsp;&nbsp; .Descendants(W.sdt)<br>\r\n&nbsp;&nbsp;&nbsp;&nbsp;&nbsp;&nbsp;&nbsp;&nbsp;&nbsp;&nbsp;&nbsp;&nbsp;&nbsp;&nbsp;&nbsp;&nbsp;&nbsp;&nbsp;&nbsp;&nbsp;&nbsp;&nbsp;&nbsp;&nbsp;&nbsp;&nbsp;&nbsp; .Where(e =&gt; ((string)e.Elements(w &#43; &quot;sdtPr&quot;)<br>\r\n&nbsp;&nbsp;&nbsp;&nbsp;&nbsp;&nbsp;&nbsp;&nbsp;&nbsp;&nbsp;&nbsp;&nbsp;&nbsp;&nbsp;&nbsp;&nbsp;&nbsp;&nbsp;&nbsp;&nbsp;&nbsp;&nbsp;&nbsp;&nbsp;&nbsp;&nbsp;&nbsp;&nbsp;&nbsp;&nbsp;&nbsp;&nbsp;&nbsp; .Elements(w &#43; &quot;alias&quot;)<br>\r\n&nbsp;&nbsp;&nbsp;&nbsp;&nbsp;&nbsp;&nbsp;&nbsp;&nbsp;&nbsp;&nbsp;&nbsp;&nbsp;&nbsp;&nbsp;&nbsp;&nbsp;&nbsp;&nbsp;&nbsp;&nbsp;&nbsp;&nbsp;&nbsp;&nbsp;&nbsp;&nbsp;&nbsp;&nbsp;&nbsp;&nbsp;&nbsp;&nbsp; .Attributes(w &#43; &quot;val&quot;)<br>\r\n&nbsp;&nbsp;&nbsp;&nbsp;&nbsp;&nbsp;&nbsp;&nbsp;&nbsp;&nbsp;&nbsp;&nbsp;&nbsp;&nbsp;&nbsp;&nbsp;&nbsp;&nbsp;&nbsp;&nbsp;&nbsp;&nbsp;&nbsp;&nbsp;&nbsp;&nbsp;&nbsp;&nbsp;&nbsp;&nbsp;&nbsp;&nbsp;&nbsp; .FirstOrDefault()).ToLower() == &quot;rapport&quot;)<br>\r\n&nbsp;&nbsp;&nbsp;&nbsp;&nbsp;&nbsp;&nbsp;&nbsp;&nbsp;&nbsp;&nbsp;&nbsp;&nbsp;&nbsp;&nbsp;&nbsp;&nbsp;&nbsp;&nbsp;&nbsp;&nbsp;&nbsp;&nbsp;&nbsp;&nbsp;&nbsp;&nbsp;&nbsp; .First()<br>\r\n&nbsp;&nbsp;&nbsp;&nbsp;&nbsp;&nbsp;&nbsp;&nbsp;&nbsp;&nbsp;&nbsp;&nbsp;&nbsp;&nbsp;&nbsp;&nbsp;&nbsp;&nbsp;&nbsp;&nbsp;&nbsp;&nbsp;&nbsp;&nbsp;&nbsp;&nbsp;&nbsp;&nbsp; .Descendants(W.sdtContent)<br>\r\n&nbsp;&nbsp;&nbsp;&nbsp;&nbsp;&nbsp;&nbsp;&nbsp;&nbsp;&nbsp;&nbsp;&nbsp;&nbsp;&nbsp;&nbsp;&nbsp;&nbsp;&nbsp;&nbsp;&nbsp;&nbsp;&nbsp;&nbsp;&nbsp;&nbsp;&nbsp;&nbsp;&nbsp; .First();</p>\r\n<p>then lauchn the transform</p>\r\n<p>&nbsp;&nbsp;&nbsp;&nbsp;&nbsp;&nbsp;&nbsp;&nbsp;&nbsp;&nbsp;&nbsp; AnnotateHyperlinkContent(contentElement);<br>\r\n&nbsp;&nbsp;&nbsp;&nbsp;&nbsp;&nbsp;&nbsp;&nbsp;&nbsp;&nbsp;&nbsp; XElement xhtml = (XElement)ConvertToHtmlTransform(wordDoc, htmlConverterSettings, sdt, null);</p>\r\n<p>but when I run the code I get this exception</p>\r\n<p>System.InvalidCastException was unhandled<br>\r\n&nbsp; Message=&quot;Unable to cast object of type 'WhereSelectEnumerableIterator`2[System.Xml.Linq.XElement,System.Object]' to type 'System.Xml.Linq.XElement'.&quot;<br>\r\n&nbsp; Source=&quot;OpenXmlPowerTools&quot;<br>\r\n&nbsp; StackTrace:<br>\r\n&nbsp;&nbsp;&nbsp;&nbsp;&nbsp;&nbsp; at OpenXmlPowerTools.HtmlConverter.ContentConvertToHtml(WordprocessingDocument wordDoc, XElement contentElement) in C:\\work\\dev\\OpenXmlPowerTools\\OpenXmlPowerTools\\HtmlConverter.cs:line 844<br>\r\n&nbsp;&nbsp;&nbsp;&nbsp;&nbsp;&nbsp; at Program.Main(String[] args) in C:\\work\\dev\\OpenXmlPowerTools\\HtmlConverterExampleSimple\\HtmlConverterExampleSimple.cs:line 83<br>\r\n&nbsp;&nbsp;&nbsp;&nbsp;&nbsp;&nbsp; at System.AppDomain._nExecuteAssembly(Assembly assembly, String[] args)<br>\r\n&nbsp;&nbsp;&nbsp;&nbsp;&nbsp;&nbsp; at System.AppDomain.ExecuteAssembly(String assemblyFile, Evidence assemblySecurity, String[] args)<br>\r\n&nbsp;&nbsp;&nbsp;&nbsp;&nbsp;&nbsp; at Microsoft.VisualStudio.HostingProcess.HostProc.RunUsersAssembly()<br>\r\n&nbsp;&nbsp;&nbsp;&nbsp;&nbsp;&nbsp; at System.Threading.ThreadHelper.ThreadStart_Context(Object state)<br>\r\n&nbsp;&nbsp;&nbsp;&nbsp;&nbsp;&nbsp; at System.Threading.ExecutionContext.Run(ExecutionContext executionContext, ContextCallback callback, Object state)<br>\r\n&nbsp;&nbsp;&nbsp;&nbsp;&nbsp;&nbsp; at System.Threading.ThreadHelper.ThreadStart()<br>\r\n&nbsp; InnerException:</p>\r\n<p>just after being through the code I added to ConvertToHtmlTransform methode</p>\r\n<p>&nbsp;&nbsp;&nbsp;&nbsp;&nbsp;&nbsp;&nbsp;&nbsp;&nbsp;&nbsp;&nbsp;&nbsp;&nbsp;&nbsp;&nbsp; // Transform contents of content control.<br>\r\n&nbsp;&nbsp;&nbsp;&nbsp;&nbsp;&nbsp;&nbsp;&nbsp;&nbsp;&nbsp;&nbsp;&nbsp;&nbsp;&nbsp;&nbsp; if (element.Name == W.sdtContent)<br>\r\n&nbsp;&nbsp;&nbsp;&nbsp;&nbsp;&nbsp;&nbsp;&nbsp;&nbsp;&nbsp;&nbsp;&nbsp;&nbsp;&nbsp;&nbsp; {<br>\r\n&nbsp;&nbsp;&nbsp;&nbsp;&nbsp;&nbsp;&nbsp;&nbsp;&nbsp;&nbsp;&nbsp;&nbsp;&nbsp;&nbsp;&nbsp;&nbsp;&nbsp;&nbsp;&nbsp; return element.Elements().Select(e =&gt; ConvertToHtmlTransform(wordDoc,<br>\r\n&nbsp;&nbsp;&nbsp;&nbsp;&nbsp;&nbsp;&nbsp;&nbsp;&nbsp;&nbsp;&nbsp;&nbsp;&nbsp;&nbsp;&nbsp;&nbsp;&nbsp;&nbsp;&nbsp;&nbsp;&nbsp;&nbsp;&nbsp; settings, e, imageHandler));<br>\r\n&nbsp;&nbsp;&nbsp;&nbsp;&nbsp;&nbsp;&nbsp;&nbsp;&nbsp;&nbsp;&nbsp;&nbsp;&nbsp;&nbsp;&nbsp; }</p>\r\n<p>This is suppose to skp the &lt;sdtContent&gt; tag and recurse on the descendant in the element.</p>\r\n<p>do you have any explanation.</p>\r\n<p>Thanks,</p>\r\n<p>Jean Marie</p>\r\n",
    "PostedDate": "2010-12-16T08:03:00.003-08:00",
    "UserRole": null,
    "MarkedAsAnswerDate": null
  },
  {
    "Id": "556127",
    "ThreadId": "238641",
    "Html": "\r\n<p>answering to myself..</p>\r\n<p>The code is good, but I was remving a tag in the document and caused the error. I also modified the transformation par to handle the sdtContent tag and tranform bold and italic.</p>\r\n<p>&nbsp;</p>\r\n",
    "PostedDate": "2011-01-27T03:08:20.183-08:00",
    "UserRole": null,
    "MarkedAsAnswerDate": null
  },
  {
    "Id": "688278",
    "ThreadId": "238641",
    "Html": "<p>You could submit a patch or just paste the changes here, maybe the project maintainers could implement those?</p>",
    "PostedDate": "2011-10-24T01:32:20.053-07:00",
    "UserRole": null,
    "MarkedAsAnswerDate": null
  },
  {
    "Id": "688283",
    "ThreadId": "238641",
    "Html": "<p>The issue around handing the content control is that there are many possible&nbsp;ways to handle it, given the wide range of uses of content controls.&nbsp; I considered a variety of ways to use them, but decided that for the time being, the code should not handle content controls.</p>\r\n<p>The issues around bold and italic are a bit complicated.&nbsp; It is easy enough to handle bold and italic for formatting that is applied at the run level.&nbsp; However, for formatting that is applied via a character style, then you have the issue of inherited styles.&nbsp; This is further complicated because bold and italic are 'toggle' properties.&nbsp; And even further complicated in tables, given the richness of table styles.&nbsp; Table styles also use inheritance.&nbsp; Toggling also needs to be implemented for table styles.&nbsp; So, because I felt it was worse to have a very partial implementation, I decided to not transform bold and italic.</p>\r\n<p>Someday, if and when schedules and budgets permit, I would like to enhance the HtmlConverter, but it is not going to be in the near future.</p>\r\n<p>-Eric</p>",
    "PostedDate": "2011-10-24T01:40:44.803-07:00",
    "UserRole": null,
    "MarkedAsAnswerDate": null
  }
]