[
  {
    "Id": "803577",
    "ThreadId": "346826",
    "Html": "\r\n<p>Hi all,</p>\r\n<p>I am new to using power tools for open xml, and I really would like to implement for my diploma project an export from a database of some data to a pivot table in excel.</p>\r\n<p>The problem is that in my application, the user has the option to select the &quot;Row Labels&quot;, &quot;Column Labels&quot; and &quot;Values&quot; to be displayed in the pivot table. In the samples I found in the source code there is only a presentation of the creation of such a pivot\r\n table, without any fields displayed.&nbsp;</p>\r\n<p>I have seen that&nbsp;PivotTableDefinition has a property RowFields, but I can't manage to make it work. Can you please give me a sample in order to show me how can I initialize the pivot table?</p>\r\n<p>&#65279;&nbsp;Thank you very much.</p>\r\n",
    "PostedDate": "2012-02-29T23:29:29.197-08:00",
    "UserRole": null,
    "MarkedAsAnswerDate": null
  }
]