[
  {
    "Id": "735271",
    "ThreadId": "289353",
    "Html": "\r\n<p>I have to merge 3 type of documents which have different formats, i have document, chapter and section templates.</p>\r\n<p>Document template have information about document and table of content.</p>\r\n<p>Chapter Template have header and footer (they contains info about chapter using content control).&nbsp;All sections of a&nbsp;chapter will be merged in it.&nbsp;</p>\r\n<p>Section&nbsp;have&nbsp;text, table, images and links.</p>\r\n<p>&nbsp;</p>\r\n<p>I was trying to use <span style=\"font-family:Consolas; color:#2b91af; font-size:x-small\">\r\n<span style=\"font-family:Consolas; color:#2b91af; font-size:x-small\"><span style=\"font-family:Consolas; color:#2b91af; font-size:x-small\">AltChunk\r\n<span style=\"color:#000000\">approach of Open XML SDK but i cant merge header and footer of chapters. Can i use document builder for it? Can you provide me high level steps?</span></span></span></span>\r\n</p>\r\n<p><span style=\"font-family:Consolas; color:#2b91af; font-size:x-small\"><span style=\"font-family:Consolas; color:#2b91af; font-size:x-small\"><span style=\"font-family:Consolas; color:#2b91af; font-size:x-small\">&nbsp;</span></span></span></p>\r\n&nbsp;\r\n<p></p>\r\n",
    "PostedDate": "2012-02-01T12:43:06.597-08:00",
    "UserRole": null,
    "MarkedAsAnswerDate": null
  }
]