[
  {
    "Id": "1478285",
    "ThreadId": "656176",
    "Html": "Hi. \r<br />\nI try to build a document from multiple docx. \r<br />\nOne of these files is in landscape. \r<br />\n<br />\nI would like the result document to add sections to manage this landscape orientation so I set the keepSection boolean to true but all the pages in the result document are reoriented is the same orientation as the first page : portrait. \r<br />\n<br />\nDo you think there is a way to manage this ? \r<br />\n<br />\nThank you.<br />\n",
    "PostedDate": "2016-07-07T06:51:07.84-07:00",
    "UserRole": null,
    "MarkedAsAnswerDate": null
  }
]