[
  {
    "Id": "1237503",
    "ThreadId": "543181",
    "Html": "Hi Eric,\r<br />\n<br />\nFirst, thanks for your Powertools, especially the MarkupSimplifier. Saved me hours of work. \r<br />\nI seem to have a Problem with the RevisionAccepter, though. It deletes Bookmarks that start at the beginning of a paragraph. Here's an example (a paragrah starting with a field, and a Bookmark containing that field)<br />\n<pre><code>    &lt;w:bookmarkStart w:id=&quot;0&quot; w:name=&quot;Rn95C9068B_84E1_4AC8_A222_18EA6120F931&quot;/&gt;\n    &lt;w:p w14:paraId=&quot;7FD3C18F&quot; w14:textId=&quot;79B584A1&quot; w:rsidR=&quot;00200FEC&quot; w:rsidRDefault=&quot;002338EE&quot; w:rsidP=&quot;00986E4A&quot;&gt;\n        &lt;w:pPr&gt;\n            &lt;w:pStyle w:val=&quot;AllgSchrifttum&quot;/&gt;\n            &lt;w:rPr&gt;\n                &lt;w:lang w:val=&quot;de-DE&quot;/&gt;\n            &lt;/w:rPr&gt;\n        &lt;/w:pPr&gt;\n        &lt;w:r w:rsidRPr=&quot;00096FF8&quot;&gt;\n            &lt;w:rPr&gt;\n                &lt;w:rStyle w:val=&quot;Randnummer&quot;/&gt;\n                &lt;w:lang w:val=&quot;de-DE&quot;/&gt;\n            &lt;/w:rPr&gt;\n            &lt;w:fldChar w:fldCharType=&quot;begin&quot;/&gt;\n        &lt;/w:r&gt;\n        &lt;w:r w:rsidRPr=&quot;00096FF8&quot;&gt;\n            &lt;w:rPr&gt;\n                &lt;w:rStyle w:val=&quot;Randnummer&quot;/&gt;\n                &lt;w:lang w:val=&quot;de-DE&quot;/&gt;\n            &lt;/w:rPr&gt;\n            &lt;w:instrText xml:space=&quot;preserve&quot;&gt; AUTONUMLGL  \\* Arabic \\e \\s . &lt;/w:instrText&gt;\n        &lt;/w:r&gt;\n        &lt;w:r w:rsidRPr=&quot;00096FF8&quot;&gt;\n            &lt;w:rPr&gt;\n                &lt;w:rStyle w:val=&quot;Randnummer&quot;/&gt;\n                &lt;w:lang w:val=&quot;de-DE&quot;/&gt;\n            &lt;/w:rPr&gt;\n            &lt;w:fldChar w:fldCharType=&quot;end&quot;/&gt;\n        &lt;/w:r&gt;\n        &lt;w:bookmarkEnd w:id=&quot;0&quot;/&gt;\n</code></pre>\n\nWhen i run the RevisionAccepter, the &lt;bookmarkstart&gt; disappears, just the &lt;bookmarkend&gt; remains. This happens to documents with Revisionmarks and without Revisionmarks, so it doesn't seem to have to do with actual RevisionAccepting at all. \r<br />\n<br />\nI checked the Source Code (V2.7.2) to find the Problem myself, and i think i narrowed down the Problem to       <br />\n\r<br />\nAcceptDeletedAndMoveFromParagraphMarksTransform(XNode node)\r<br />\n<br />\n(cause after running that procedure, the Bookmarks are lost). Unfortunately, i can't see why it is happening there. Do you perhaps have any ideas?<br />\n",
    "PostedDate": "2014-04-24T04:52:01.163-07:00",
    "UserRole": null,
    "MarkedAsAnswerDate": null
  }
]