[
  {
    "Id": "1436318",
    "ThreadId": "642058",
    "Html": "I have had this working in the past and recently I had to move my implementation to a different project. Now, when I'm trying to convert a DOCX i get this error\r<br />\n<br />\n<br />\nError: Duplicate attribute. Trace: at System.Xml.Linq.XElement.AddAttributeSkipNotify(XAttribute a) at System.Xml.Linq.XContainer.AddContentSkipNotify(Object content) at System.Xml.Linq.XContainer.Add(Object content) at OpenXmlPowerTools.FormattingAssembler.AnnotateWithGlobalDefaults(WordprocessingDocument wDoc, XElement rootElement, FormattingAssemblerSettings settings) in z:\\OpenXmlPowerTools\\FormattingAssembler.cs:line 962 at OpenXmlPowerTools.FormattingAssembler.AssembleFormatting(WordprocessingDocument wDoc, FormattingAssemblerSettings settings) in z:\\OpenXmlPowerTools\\FormattingAssembler.cs:line 103 at OpenXmlPowerTools.HtmlConverter.ConvertToHtml(WordprocessingDocument wordDoc, HtmlConverterSettings htmlConverterSettings) in z:\\OpenXmlPowerTools\\HtmlConverter.cs:line 147 at WordPreview.WordToHTML(Stream WordContents) in c:\\inetpub\\wwwroot\\RHAWeb\\Tools\\Posting\\WordPreview.ashx:line 89 Security Context: IIS APPPOOL\\DefaultAppPool\r<br />\n<br />\nI looked in the folder where the html gets output, and the whole document is already converted and in there, but it's not displaying on my page.\r<br />\n<br />\nany help would be appreciated.<br />\n",
    "PostedDate": "2015-07-28T08:53:23.483-07:00",
    "UserRole": null,
    "MarkedAsAnswerDate": null
  },
  {
    "Id": "1436351",
    "ThreadId": "642058",
    "Html": "I addressed a bug exactly like this one.  Are you using the latest?<br />\n<br />\nOf course, it could be a new, similar issue.  :)<br />\n<br />\nCan you verify you are using the latest, and then we'll address this.<br />\n",
    "PostedDate": "2015-07-28T10:57:03.467-07:00",
    "UserRole": null,
    "MarkedAsAnswerDate": "2015-07-28T12:34:18.057-07:00"
  },
  {
    "Id": "1436374",
    "ThreadId": "642058",
    "Html": "That was it! I updated to the latest version and the error went away.\r<br />\n<br />\nThanks for the quick response!\r<br />\n<br />\nv<br />\n",
    "PostedDate": "2015-07-28T12:34:15.54-07:00",
    "UserRole": null,
    "MarkedAsAnswerDate": null
  }
]