[
  {
    "Id": "1291017",
    "ThreadId": "561487",
    "Html": "All,<br />\n<br />\nWhen I started working with the DocumentBuilder, I somehow stumbled over the <em>OpenXmlMemoryStreamDocument</em>. The reason is that it somehow didn't seem as useful as it could be. For example, once you've called GetModifiedWmlDocument() (or any other of the similar methods), the MemoryStream contained in it can't be used anymore and you can't open any documents from it even if it is not yet closed/disposed. This essentially means that data must be copied much more often than I would want it to be copied at least in my application. While this doesn't say that you shouldn't be allowed to copy data as often as you like, I'd just don't want to be forced to copy larger Word documents, for example, for each processing step.<br />\n<br />\nEnter <em>OpenXmlMemoryStream</em> and its subclasses <em>WordprocessingMemoryStream</em>, <em>SpreadsheetMemoryStream</em>, and <em>PresentationMemoryStream</em>. Using the WordprocessingMemoryStream as an example, this lets you perform multiple processing steps using the same stream, i.e., without copying data:<br />\n<pre><code>static void SimpleWordprocessingApplication()\n{\n    // Generate a Word document in multiple processing steps based on \n    // a &quot;minimum document&quot; created by WordprocessingMemoryStream.\n    using (WordprocessingMemoryStream stream = \n        WordprocessingMemoryStream.Create())\n    {\n        // Perform a first processing step. Do whatever you like with the\n        // WordprocessingDocument. This example just inserts a paragraph.\n        // When leaving the scope of the using statement, the stream will\n        // contain a perfectly fine WordprocessingDocument which we can\n        // continue to process in further steps.\n        using (WordprocessingDocument wordDoc = \n            stream.OpenWordprocessingDocument(true))\n        {\n            Document document = wordDoc.MainDocumentPart.Document;\n            InsertParagraph(document.Body, &quot;This is the first paragraph.&quot;);\n        }\n\n        // Perform a second processing step, using the same stream.\n        // Again, do whatever you like with the WordprocessingDocument. We'll\n        // just create another paragraph. When leaving the using statement, the\n        // WordprocessingDocument will be closed, leaving us with a stream that\n        // can be reused over and over again without copying any data.\n        using (WordprocessingDocument wordDoc = \n            stream.OpenWordprocessingDocument(true))\n        {\n            Document document = wordDoc.MainDocumentPart.Document;\n            InsertParagraph(document.Body, &quot;This is the second paragraph.&quot;);\n        }\n\n        // Lastly, let's save the stream contents to a file.\n        stream.SaveAs(&quot;Generated Document.docx&quot;);\n    }\n\n    static void InsertParagraph(Body body, string text)\n    {\n        Paragraph p = new Paragraph(new Run(new Text(text)));\n        if (body.LastChild != null &amp;&amp; body.LastChild is SectionProperties)\n            body.LastChild.InsertBeforeSelf(p);\n        else\n            body.Append(p);\n    }\n}</code></pre>\n\nOpenXmlMemoryStream is derived from MemoryStream, so all of these classes can be used like a MemoryStream. They are designed to be companions of the corresponding OpenXmlPackage children, i.e., WordprocessingDocument, SpreadsheetDocument, and PresentationDocument, and contain methods to: <br />\n<ul>\n<li>create streams containing &quot;minimum&quot; documents as defined by the standard;</li>\n<li>create stream instances from byte arrays, files, and other streams (e.g., to copy a stream if you want to copy); and</li>\n<li>\nopen documents from the stream.<br />\n</li>\n</ul>\nOpenXmlMemoryStream includes Save() and SaveAs(string) methods to save the MemoryStream contents to a file. <br />\n<br />\nI've also created two classes that provide PowerTools-related extensions (<em>PtMemoryStreamExtensions</em>) and factory methods (<em>PtMemoryStreamFactory</em>). The extensions let you create <em>WmlDocument</em>, <em>SmlDocument</em>, and <em>PmlDocument</em> instances from the respective stream instances. The factory methods allow you to create stream instances from WmlDocument, SmlDocument, and PmlDocument instances (although they are so simple that you could ask why they are required). <br />\n<br />\nI'm proposing to replace the <em>OpenXmlMemoryStreamDocument</em> with this set of classes. I've published them as part of my <a href=\"https://ooxmlextensions.codeplex.com\" rel=\"nofollow\">Open XML Extensions</a> project. <br />\n<br />\nI'm very much interested in your thoughts and feedback.<br />\n<br />\nRegards, Thomas<br />\n",
    "PostedDate": "2014-08-18T05:14:14.05-07:00",
    "UserRole": null,
    "MarkedAsAnswerDate": null
  }
]