[
  {
    "Id": "691105",
    "ThreadId": "277621",
    "Html": "\r\n<p><span style=\"font-size:12pt\">Hi,</span></p>\r\n<p><span style=\"font-size:12pt\">I have two questions here. </span></p>\r\n<p><span style=\"font-size:12pt\">a) I have a table in the word document. Say a table with 3 Columns and 2 Rows. First row shows the HEADING and the second row contains related data. When the user clicks on a button in the aspx page, I need to append few more\r\n rows to this table and save the document.</span></p>\r\n<p><span style=\"font-size:12pt\">for Example :</span></p>\r\n<table border=\"1\" cellspacing=\"0\" cellpadding=\"0\">\r\n<tbody>\r\n<tr>\r\n<td width=\"45\" valign=\"top\">\r\n<p><strong>SNO</strong></p>\r\n</td>\r\n<td width=\"66\" valign=\"top\">\r\n<p><strong>Name</strong></p>\r\n</td>\r\n<td width=\"142\" valign=\"top\">\r\n<p><strong>Email</strong></p>\r\n</td>\r\n</tr>\r\n<tr>\r\n<td width=\"45\" valign=\"top\">\r\n<p>1</p>\r\n</td>\r\n<td width=\"66\" valign=\"top\">\r\n<p>Ricky</p>\r\n</td>\r\n<td width=\"142\" valign=\"top\">\r\n<p>xxxxxx@gmail.com</p>\r\n</td>\r\n</tr>\r\n</tbody>\r\n</table>\r\n<p><span style=\"font-size:12pt\">b) I lost all the formatting when I do any change in the document.\r\n</span></p>\r\n<p><span style=\"font-size:12pt\">Any ideas or sample piece of code is appreciated, since im new here.</span></p>\r\n<p><span style=\"font-size:12pt\">Thanks,</span></p>\r\n<p>&nbsp;</p>\r\n",
    "PostedDate": "2011-10-29T04:55:25.657-07:00",
    "UserRole": null,
    "MarkedAsAnswerDate": null
  },
  {
    "Id": "691133",
    "ThreadId": "277621",
    "Html": "<p>Hi,</p>\r\n<p>I think that this is perhaps an issue of learning how to write programs that write Open XML markup.</p>\r\n<p>The following MSDN article contains some example code to create a word table.&nbsp; It may serve as a good start for your code to create a WordprocessingML table.&nbsp; Go through the code, and make sure that you understand the specific sections of code that write table markup.</p>\r\n<p><a href=\"http://blogs.msdn.com/brian_jones/archive/2010/01/04/document-assembly-merging-excel-powerpoint-and-word-content-together.aspx\">Document Assembly: Merging Excel, PowerPoint, and Word Content Together</a></p>\r\n<p>Another resource that may help you is the following blog post that compares the WordprocessingML table markup to HTML table markup:</p>\r\n<p><a href=\"http://blogs.msdn.com/b/ericwhite/archive/2009/11/05/comparison-of-html-css-tables-to-wordprocessingml-tables.aspx\">Comparison of Html/CSS Tables to WordprocessingML Tables</a></p>\r\n<p>﻿﻿﻿﻿﻿-Eric</p>",
    "PostedDate": "2011-10-29T09:07:13.68-07:00",
    "UserRole": null,
    "MarkedAsAnswerDate": null
  },
  {
    "Id": "691448",
    "ThreadId": "277621",
    "Html": "<p>Thanks Eric.</p>",
    "PostedDate": "2011-10-30T22:21:29.617-07:00",
    "UserRole": null,
    "MarkedAsAnswerDate": null
  }
]