[
  {
    "Id": "1335427",
    "ThreadId": "576035",
    "Html": "I have word document with track changes enabled.<br />\n <br />\nand after enabling track changes there are some changes in header like <br />\nIndent:left;-0.16 cm, Right : 0.13 cm. No bullets or numbering, Don't keep with next<br />\n<br />\nNow while accepting track changes using PowerXMLTools, it is removing header and footer from document<br />\n<br />\nI have used following code for accepting track changes<br />\n<pre><code>using (WordprocessingDocument wordDoc = WordprocessingDocument.Open(filePath, true))\n            {\n                OpenXmlPowerTools.RevisionAccepter.AcceptRevisions(wordDoc);\n            }\n</code></pre>\n\nAny idea?<br />\n",
    "PostedDate": "2014-12-22T00:36:32.433-08:00",
    "UserRole": null,
    "MarkedAsAnswerDate": null
  }
]