[
  {
    "Id": "190404",
    "ThreadId": "56363",
    "Html": "<p>I tried following all the steps for installing PowerTools using the binary a couple times, but I always have the same problem with the&nbsp;PowerTool cmdlets not being able to find DocumentFormat.OpenXml.&nbsp; For example:</p>\r\n<p>Export-OpenXmlSpreadsheet : Could not load file or assembly 'DocumentFormat.OpenXml, Version 2.0.3302.0, Culture=neutral, PublicKeyToken=31bf3856ad364e35' or one of its dependencies. The system cannot find the file specified.</p>\r\n<p>In Visual Studio I see that the version of DocumentFormat.OpenXML that I have is 2.0.3930.0.&nbsp;</p>\r\n<p>I assume I need to change a reference to DocumentFormat but I don't know how to do that (I'm new to Windows development).&nbsp; I tried downloading the source code.&nbsp; I figured I could find the reference in there, but every time I try to open the solution I get a message that the code is under source control and it is recommended I don't make any changes.&nbsp; I click okay and then get an error message saying an unexpected error occurred and it is recommended I close the app (Visual Studio 2008) as soon as possible.&nbsp; Error:Unspecified Error&nbsp; File: vsee\\lib\\vapifunctionwrapper\\vapifunctionwrapper.cpp Line number:169</p>\r\n<p>So I'm not sure what to do with the binary version I installed and I can't work with the source code. I&nbsp;know I'm probably&nbsp;making some sort of newbie error.&nbsp; If someone could point me in the right direction&nbsp;I would appreciate it.&nbsp; Thanks.</p>",
    "PostedDate": "2009-05-14T12:18:10.703-07:00",
    "UserRole": null,
    "MarkedAsAnswerDate": null
  },
  {
    "Id": "202619",
    "ThreadId": "56363",
    "Html": "<p>Hi,</p>\r\n<p>I had the same problem today and manage to resolve it by downloading a previous version of the SDK (2.0.3302.0). The only web site I found it on was from Russia. So here's the URL: <a href=\"http://www.f1cd.ru/soft/base/o/open_xml_format_sdk/open_xml_format_sdk_20_sep08/OpenXMLSDKv2.msi\">http://www.f1cd.ru/soft/base/o/open_xml_format_sdk/open_xml_format_sdk_20_sep08/OpenXMLSDKv2.msi</a></p>\r\n<p>Uninstall your previous version in Add/Remove programs and install this one.</p>",
    "PostedDate": "2009-06-17T12:13:49.987-07:00",
    "UserRole": null,
    "MarkedAsAnswerDate": null
  }
]