[
  {
    "Id": "1102846",
    "ThreadId": "460962",
    "Html": "Hi,\r<br />\n<br />\nI want to say first how great this tool is and how much it has helped me.\r<br />\n<br />\nI have a problem that I hope you guys can help me with. I am trying to merge several documents together using DocumentBuilder. Lets say I have doc1 with some headers/footers and doc2 with no headers/footers. Then after merge, in the new mergedDoc, the doc2 part has the headers and footers of doc1.\r<br />\n<br />\nI understand that this is the intended functionality but is there a way to turn it off? I can't set keepSections as false as that would also lose section breaks.\r<br />\n<br />\nThank you for taking the time to help with my problem.<br />\n",
    "PostedDate": "2013-10-02T10:45:37.177-07:00",
    "UserRole": null,
    "MarkedAsAnswerDate": null
  },
  {
    "Id": "1103514",
    "ThreadId": "460962",
    "Html": "Hi,\r<br />\n<br />\nI'm really happy this is helpful.\r<br />\n<br />\nThere is currently no way to have DocumentBuilder do what you want, out of the box.  If you use keepSections, it will bring the headers/footers along with.  However, there is a super-easy solution.  Use DocumentBuilder with keepSections set to true, and then programmatically strip the headers/footers after DocumentBuilder finishes.  You just need to find all sectPr elements and remove the header and footer references.  The following code should do it:<br />\n<pre><code>var xDoc = wDoc.MainDocumentPart.GetXDocument();\nxDoc.Descendants(W.sectPr).Elements(W.headerReference).Remove();\nxDoc.Descendants(W.sectPr).Elements(W.footerReference).Remove();</code></pre>\n\nIf you want to, you can go find the relationships to the various headers and footers, remove the relationships, and remove the parts.\r<br />\n<br />\nOr, the super-simple way to accomplish this - run the document through DocumentBuilder again.  This will strip those headers and footers from the document.\r<br />\n<br />\nCheers, Eric<br />\n",
    "PostedDate": "2013-10-04T01:05:05.65-07:00",
    "UserRole": null,
    "MarkedAsAnswerDate": null
  },
  {
    "Id": "1104988",
    "ThreadId": "460962",
    "Html": "Hey,\r<br />\n<br />\nSorry for the late response, I haven't had the chance to look at this till now. So, I tried your code in my program which seems to just strips all headers and footers from the documents.\r<br />\n<br />\nThis is a problem since I need to keep them, just not have them propagate to a document which doesn't have them. Is there any way to check when the BuildDocument function adds the header/footer and prevent it from doing so when the source document does not have them?\r<br />\n<br />\nThanks again for taking the time to help, I really appreciate it.<br />\n",
    "PostedDate": "2013-10-08T05:59:13.033-07:00",
    "UserRole": null,
    "MarkedAsAnswerDate": null
  },
  {
    "Id": "1275414",
    "ThreadId": "460962",
    "Html": "I am having the same issue that aishsharma encountered and I think this over and realize that in one document there is only one type of header allowed, so the current implementation makes sense.  you cannot keep all the headers of your docs after you merge them. <br />\n",
    "PostedDate": "2014-07-23T02:50:28.21-07:00",
    "UserRole": null,
    "MarkedAsAnswerDate": null
  }
]