[
  {
    "Id": "1203376",
    "ThreadId": "529114",
    "Html": "I have an XLSX template, where I added styles not to the cells, but to the rows and columns.<br />\nIf I use WorksheetAccessor.SetCellValue, the style for this cell disappears.<br />\n<br />\nDoes anybody know, if it is possible to keep the style for this cell?<br />\nAt the moment - to solve this for a special template, I've updated the WorksheetAccessor.SetCellValue method by this code.<br />\nIf the current cell had a style, it uses this for the new text as well. If not, I try to get the style of one of the prevous rows - which works quite well, but it's not always correct.<br />\n<pre><code>if (newCell == null)\n    throw new ArgumentException(&quot;Invalid cell type.&quot;);\nelse\n{\n    // Get the needed cell style\n    XElement oldCell = GetCell(worksheetXDocument, column, row);\n                \n    // Save the old style id\n    XAttribute style = null;\n    if (oldCell != null)\n        style = oldCell.Attributes(NoNamespace.s).SingleOrDefault();\n\n    // If style wasn't found, look for the style in the last rows\n    if (style == null)\n    {\n        int rowIndex = row;\n        XElement prevElement = null;\n        while ((prevElement == null) &amp;&amp; rowIndex &gt;= 1)\n        {\n            prevElement = GetCell(worksheetXDocument, column, rowIndex);\n            if (prevElement != null)\n            {\n                style = prevElement.Attributes(NoNamespace.s).SingleOrDefault();\n                if (style != null)\n                    break;\n            }\n\n            rowIndex--;\n        }\n    }\n\n    // Set the cell style to the cell\n    if (style != null)\n        newCell.Add(new XAttribute(NoNamespace.s, style.Value));\n}</code></pre>\n\n",
    "PostedDate": "2014-02-06T02:57:09.993-08:00",
    "UserRole": null,
    "MarkedAsAnswerDate": null
  }
]