[
  {
    "Id": "116197",
    "ThreadId": "34972",
    "Html": "Hello,<br>\r\n<br>\r\nI just want to let you know that there are new available cmdlets for performing the following operations on SpreadSheetML documents:<br>\r\n-Adding table definitions to worksheets<br>\r\n-Setting values for cells<br>\r\n-Setting styles for cells<br>\r\n-Setting width for columns<br>\r\n<br>\r\nMore information and a sample script here: http://blogs.staffdotnet.com/johanngranados/blog/default.aspx?id=9&amp;t=New-SpreadSheetML-cmdlets-at-Power-Tools<br>\r\n<br>\r\nJohann Granados<br>\r\nStaff DotNet<br>\r\n",
    "PostedDate": "2008-09-04T16:36:12.423-07:00",
    "UserRole": null,
    "MarkedAsAnswerDate": null
  }
]