[
  {
    "Id": "158805",
    "ThreadId": "47443",
    "Html": "I tried using the PowerTools against a dotx file and I get the error &quot;Package is not an OpenXml document&quot;. Using the template and saving the file to a regular docx file works fine. So, where can I find info on the difference between the template file types and regular file types and the implications to the OpenXML standard as well as the tooling? I would even expand the question to other files like Building Blocks.dotx. Do these files follow the standard?<br>\r\n<br>\r\n",
    "PostedDate": "2009-02-17T20:31:04.847-08:00",
    "UserRole": null,
    "MarkedAsAnswerDate": null
  },
  {
    "Id": "162152",
    "ThreadId": "47443",
    "Html": "Got a chance to step through the code. It's simply because the powertools code specifically checks for the word document content type. For the powertool method I was trying, specifically get-openxmlstyle, changing the code to also allow for the document template content type worked fine.<br>\r\n<br>\r\nI would still appreciate someone addressing if generally speaking, the powertools will be safe to use with ALL open xml file types or if we should expect some methods may not work even with the file type check fix.\r\n",
    "PostedDate": "2009-02-25T20:54:54.52-08:00",
    "UserRole": null,
    "MarkedAsAnswerDate": null
  },
  {
    "Id": "441465",
    "ThreadId": "47443",
    "Html": "<p>Hi Shades,</p>\r\n<p>The easiest way is to convert it to a docx and then convert it back when finished with it. Its a pain.</p>",
    "PostedDate": "2010-05-11T06:21:34.15-07:00",
    "UserRole": null,
    "MarkedAsAnswerDate": null
  }
]