[
  {
    "Id": "690620",
    "ThreadId": "277507",
    "Html": "\r\n<p>I have two documents (document1, document2), one with header and one not.&nbsp; (Assume document2 has header)</p>\r\n<p>When I merge these two documents&nbsp;by pragraphs,&nbsp;as&nbsp;very well documented in\r\n<a href=\"public Source(WordprocessingDocument source, bool keepSections)\" target=\"_blank\">\r\nEric's Blog</a>.&nbsp;</p>\r\n<p>Code Snippet -<span style=\"color:blue\">&nbsp;&nbsp;&nbsp;&nbsp;&nbsp;&nbsp;&nbsp;\r\n</span></p>\r\n<p><span style=\"color:blue\"></p>\r\n<div style=\"color:black; background-color:white\">\r\n<pre><div style=\"color:black; background-color:white\"><pre>            <span style=\"color:blue\">var</span> document1WmlDocument = <span style=\"color:blue\">new</span> WmlDocument(document1);\r\n            <span style=\"color:blue\">var</span> document2WmlDocument = <span style=\"color:blue\">new</span> WmlDocument(document2);\r\n\r\n            <span style=\"color:blue\">var</span> staticDataSource = <span style=\"color:blue\">new</span> Source(document2WmlDocument, 0, 10, <span style=\"color:blue\">true</span>);\r\n            <span style=\"color:blue\">var</span> document1Source = <span style=\"color:blue\">new</span> Source(document1WmlDocument, <span style=\"color:#00ff00\">true</span>);\r\n            <span style=\"color:blue\">var</span> document2Source = <span style=\"color:blue\">new</span> Source(document2WmlDocument, 10, <span style=\"color:blue\">true</span>);\r\n\r\n            combinedSourceList.Add(staticDataSource);\r\n            combinedSourceList.Add(document1Source);\r\n            combinedSourceList.Add(document2Source);\r\n\r\n            <span style=\"color:green\">// Build and merge the source documents</span>\r\n            DocumentBuilder.BuildDocument(combinedSourceList, <span style=\"color:#ff0000\">&ldquo;c:\\temp\\result.docx&rdquo;</span>);<br></pre>\r\n</div>\r\n</pre>\r\n</div>\r\nResult.docx file&nbsp;genrated with&nbsp;few pages having header and few not. </span>\r\n<p></p>\r\n<p>I had run the similar test with slight modification to <em><strong>KeepSections\r\n</strong></em>Option (Highligted in Red).<br>\r\n<span style=\"color:blue\">&nbsp;&nbsp;&nbsp;&nbsp;&nbsp;&nbsp;&nbsp;&nbsp;&nbsp;&nbsp;&nbsp;<br>\r\n&nbsp;&nbsp;&nbsp;&nbsp;&nbsp;&nbsp;&nbsp;&nbsp;&nbsp;&nbsp;&nbsp;&nbsp;var</span> staticDataSource =\r\n<span style=\"color:blue\">new</span> Source(document2WmlDocument, 0, 10, <span style=\"color:blue\">\r\ntrue</span>);<br>\r\n&nbsp;&nbsp;&nbsp;&nbsp;&nbsp;&nbsp;&nbsp;&nbsp;&nbsp;&nbsp;&nbsp; <span style=\"color:blue\">\r\nvar</span> document1Source = <span style=\"color:blue\">new</span> Source(document1WmlDocument,\r\n<span style=\"color:#ff0000\">false</span>);<br>\r\n&nbsp;&nbsp;&nbsp;&nbsp;&nbsp;&nbsp;&nbsp;&nbsp;&nbsp;&nbsp;&nbsp; <span style=\"color:blue\">\r\nvar</span> document2Source = <span style=\"color:blue\">new</span> Source(document2WmlDocument, 10,\r\n<span style=\"color:blue\">true</span>);<br>\r\n<br>\r\nThis case for obvious, I loose sections, but will preserve headers.&nbsp;&nbsp;Eric suggested me to diff these&nbsp;both resultant files with SDK tool,&nbsp;unfortunately I haven't seen any difference other than the code snippet&nbsp;for preserving&nbsp;<em><strong>'Section\r\n Break</strong></em>'</p>\r\n<p>This use case seems to be&nbsp;very basic,&nbsp;is it by&nbsp;design ?&nbsp; Your help will be greatly appreciated.&nbsp;\r\n<br>\r\n<br>\r\n(Shared, sample source with Eric, anyone else would like to see sample let me know)</p>\r\n",
    "PostedDate": "2011-10-27T22:43:31.307-07:00",
    "UserRole": null,
    "MarkedAsAnswerDate": null
  },
  {
    "Id": "691957",
    "ThreadId": "277507",
    "Html": "<p>Surprized that I have not received any suggestions. Can anyone atleast confirm, is it by design (expected behaviour)?</p>",
    "PostedDate": "2011-10-31T22:21:27.48-07:00",
    "UserRole": null,
    "MarkedAsAnswerDate": null
  }
]