[
  {
    "Id": "1251824",
    "ThreadId": "547238",
    "Html": "Currently it isn't possible to process a DOCM filetype (Word document with VBA macros).\r<br />\n<br />\nIn my case I could solve it by modifying the GetDocumentType() methods.\r<br />\nI just added &quot;application/vnd.ms-word.document.macroEnabled.main+xml&quot; as a valid content type for a WordprocessingDocument.\r<br />\n<br />\nShouldn't this be included into the official version?<br />\n",
    "PostedDate": "2014-06-01T23:41:54.907-07:00",
    "UserRole": null,
    "MarkedAsAnswerDate": null
  }
]