[
  {
    "Id": "200920",
    "ThreadId": "59350",
    "Html": "<p>I was planning on using this for a project but the client requires vb.net exclusively (don't ask me why). So I thought I would convert it and then post the results back here for anyone to use however I am having difficulties converting the DocumentExtensions class specifically in the area of:</p>\r\n<p><span style=\"color:#008000;font-size:x-small\"><span style=\"color:#008000;font-size:x-small\">\r\n<p>private static EventHandler&lt;XObjectChangeEventArgs&gt; ElementChanged = new EventHandler&lt;XObjectChangeEventArgs&gt;(ElementChangedHandler);</p>\r\n<p>and then: <span style=\"font-size:x-small\">\r\n<p>xDocument.Changing -= ElementChanged;</p>\r\n<p><span style=\"color:#000000\">Does anyone already have a copy in VB.Net they'd like to share. I'd really appreciate it. Or maybe just help with the conversion of the above?</span></p>\r\n</span></p>\r\n</span></span></p>",
    "PostedDate": "2009-06-12T10:49:34.513-07:00",
    "UserRole": null,
    "MarkedAsAnswerDate": null
  }
]