[
  {
    "Id": "832663",
    "ThreadId": "354687",
    "Html": "\r\n<p>Hi All,<br>\r\n&nbsp;&nbsp;&nbsp;&nbsp; Hope you are all well?<br>\r\nI have a scenario where i would like to add a header(e.g image) and a footer some text or also image to an existing force documents.<br>\r\nIs this possible using Open XML.<br>\r\nSo the idea is the user will select a a header a footer and then the document and hit submit.</p>\r\n<p>Thanks in Advance</p>\r\n",
    "PostedDate": "2012-05-06T05:12:37.293-07:00",
    "UserRole": null,
    "MarkedAsAnswerDate": null
  }
]