[
  {
    "Id": "686147",
    "ThreadId": "276385",
    "Html": "\r\n<p>Hi,</p>\r\n<p>I'm new to Power Tools and Open XML ..!</p>\r\n<p>I have a DataTable with 20 rows. I have set up the word document (.docx) with necessary bookmarks.</p>\r\n<p>I have loop the contents of the DataTable and tried to write the contents in to the document.</p>\r\n<p>I can see only the last row written in to the document, since all the previous rows were replaced by the subsequent next row.</p>\r\n<p>I need to write all the rows and column values in the document like table structure.</p>\r\n<p>Thanks,</p>\r\n",
    "PostedDate": "2011-10-18T21:24:25.013-07:00",
    "UserRole": null,
    "MarkedAsAnswerDate": null
  },
  {
    "Id": "686150",
    "ThreadId": "276385",
    "Html": "<p>Hi,</p>\r\n<div>If you are familiar with HTML tables, you may find the following blog post  to be helpful.</div>\r\n<div></div>\r\n<div><a href=\"http://blogs.msdn.com/b/ericwhite/archive/2009/11/05/comparison-of-html-css-tables-to-wordprocessingml-tables.aspx\"><span style=\"font-family: 'Times New Roman';\">http://blogs.msdn.com/b/ericwhite/archive/2009/11/05/comparison-of-html-css-tables-to-wordprocessingml-tables.aspx</span></a><span style=\"font-family: 'Times New Roman';\"> </span></div>\r\n<div></div>\r\n<div>I think that you have a bug in your program which is causing you to replace  previous row with next row.&nbsp;Instead of using bookmarks, I recommend using content controls to delineate  content / spaces in a document.</div>\r\n<div></div>\r\n<div>-Eric</div>",
    "PostedDate": "2011-10-18T21:41:44.763-07:00",
    "UserRole": null,
    "MarkedAsAnswerDate": null
  },
  {
    "Id": "686158",
    "ThreadId": "276385",
    "Html": "<p>Thanks Eric.</p>\r\n<p>I will try in that way.</p>\r\n<p>But as far as I tried, It just replaces the bookmarks with the text given.</p>\r\n<p>So, when we loop though the rows in DataTable, it replaces values at the same place for all the 20 rows. Finally last row only present in the Document. What I need is like a linebreak (bookmark) or something like that to get that to next line when it reached the last column of DataTable.</p>",
    "PostedDate": "2011-10-18T22:13:10.16-07:00",
    "UserRole": null,
    "MarkedAsAnswerDate": null
  }
]