[
  {
    "Id": "1291452",
    "ThreadId": "561613",
    "Html": "Hi,\r<br />\n<br />\nI ran the CommentMerger and when I tried to open the resulting document, it gives me a warning saying &quot;We're sorry.  We can't open xxx.docx because we found a problem wiht its contents.  The XML data is invalid according to the schema.  Location: Part:/word/document.xml, Line: 1, Column:0.  When I click OK, it says Word found unreadable content in xxx.docx.  Do you want to recover the contents... and after clicking Yes, it was able to show the document.  Does anyone else experience similar issues and/or have a solution for this?\r<br />\n<br />\nThanks a lot.\r<br />\nJason<br />\n",
    "PostedDate": "2014-08-19T11:48:58.303-07:00",
    "UserRole": null,
    "MarkedAsAnswerDate": null
  },
  {
    "Id": "1291456",
    "ThreadId": "561613",
    "Html": "I can provide sample documents if needed.<br />\n",
    "PostedDate": "2014-08-19T12:04:52.257-07:00",
    "UserRole": null,
    "MarkedAsAnswerDate": null
  },
  {
    "Id": "1291797",
    "ThreadId": "561613",
    "Html": "Found a solution.\r<br />\n<br />\nIt seems the code from CommentMerger.zip on <a href=\"https://powertools.codeplex.com/releases/view/26378\" rel=\"nofollow\">this page</a> works, while the code contained in the <a href=\"https://powertools.codeplex.com/releases/view/74771\" rel=\"nofollow\">PowerTools 2.2 download</a> does not.<br />\n",
    "PostedDate": "2014-08-20T12:04:08.053-07:00",
    "UserRole": null,
    "MarkedAsAnswerDate": null
  }
]