[
  {
    "Id": "1074640",
    "ThreadId": "451845",
    "Html": "Im creating WordProcessingDocuments using openxml (which works fine and the produced word doc is exactly what i want), now im trying to convert these newly created docs to HTML using the openxml Powertools. Im new to this so im hoping thats its something stupid that im missing but was hoping someone could point me in the right direction with these nullable errors im receiving. \r<br />\n<br />\nThis is the exact error...\r<br />\n<br />\nSystem.NullReferenceException: Object reference not set to an instance of an object.\r<br />\n  at OpenXmlPowerTools.HtmlConverter.ConvertToHtmlTransform(WordprocessingDocument wordDoc, HtmlConverterSettings settings, XNode node, Func<code>2 imageHandler)\r<br />  at OpenXmlPowerTools.HtmlConverter.&lt;&gt;c__DisplayClass37.&lt;ConvertToHtmlTransform&gt;b__1d(XElement e)\r<br />  at System.Linq.Enumerable.WhereSelectEnumerableIterator</code>2.MoveNext()\r<br />\n  at System.Xml.Linq.XContainer.AddContentSkipNotify(Object content)\r<br />\n  at System.Xml.Linq.XElement..ctor(XName name, Object content)\r<br />\n  at OpenXmlPowerTools.HtmlConverter.ConvertToHtmlTransform(WordprocessingDocument wordDoc, HtmlConverterSettings settings, XNode node, Func<code>2 imageHandler)\r<br />  at OpenXmlPowerTools.HtmlConverter.&lt;&gt;c__DisplayClass37.&lt;ConvertToHtmlTransform&gt;b__1c(XElement e)\r<br />  at System.Linq.Enumerable.WhereSelectEnumerableIterator</code>2.MoveNext()\r<br />\n  at System.Xml.Linq.XContainer.AddContentSkipNotify(Object content)\r<br />\n  at System.Xml.Linq.XContainer.AddContentSkipNotify(Object content)\r<br />\n  at System.Xml.Linq.XElement..ctor(XName name, Object[] content)\r<br />\n  at OpenXmlPowerTools.HtmlConverter.ConvertToHtmlTransform(WordprocessingDocument wordDoc, HtmlConverterSettings settings, XNode node, Func`2 imageHandler)\r<br />\n<br />\n<br />\nIm using the exact same code you can find on <a href=\"http://blogs.msdn.com/b/ericwhite/archive/2009/10/12/transforming-open-xml-word-processing-documents-to-xhtml.aspx\" rel=\"nofollow\">Eric Whites blog</a>. <br />\n<pre><code>public static void PrintHTML(string file)\n    {\n        byte[] byteArray = File.ReadAllBytes(file);\n        using (MemoryStream memoryStream = new MemoryStream())\n        {\n            memoryStream.Write(byteArray, 0, byteArray.Length);\n            using (WordprocessingDocument doc =\n                WordprocessingDocument.Open(memoryStream, true))\n            {\n\n                HtmlConverterSettings settings = new HtmlConverterSettings()\n                {\n                    //PageTitle = &quot;some title&quot;\n                };\n                XElement html = HtmlConverter.ConvertToHtml(doc, settings);\n\n                File.WriteAllText(@&quot;C:\\\\Temp\\Test.html&quot;, html.ToStringNewLineOnAttributes());\n            }\n        }\n    }\n\n</code></pre>\n\nI know the code works because if i pass it a normal worddoc that i havnt created it works fine and converts to html fine. If i create a word doc using openxml then manually copy the contents into a new word file, save it, then pass it through the conversion code, that will work as well. So im thinking it must be something to do with the way im createing the word doc in openxml initially. Maybe im not adding a part to the file that is required. \r<br />\n<br />\nUsing the openxml sdk i have compared a working and non working file and they appear to have the same components/parts.\r<br />\n<br />\nFrom the errors iv posted does anyone have any ideas of where the problem could be, ie, what is null? I can post the creation code for the word doc but its quite extensive and it might just confuse people more.<br />\n\r<br />\nthanks for anyones help.\r<br />\n<br />\nJames<br />\n",
    "PostedDate": "2013-07-30T04:30:41.793-07:00",
    "UserRole": null,
    "MarkedAsAnswerDate": null
  },
  {
    "Id": "1074697",
    "ThreadId": "451845",
    "Html": "Hi James,\r<br />\n<br />\nThe code is failing in the image handler callback, which points to something being incorrect with the markup for the image, or how the image is setup in the package.  Have you tried using the validation functionality of the Open XML SDK 2.5 Productivity Tool and see if it reports any errors?\r<br />\n<br />\nAlso I suggest examining the markup for each image in your document and see where the problem could be.  You could also take the step of temporarily deleting the markup for images in the main document part, and then seeing if it will convert.  By trial and error, you can then narrow down exactly which image has the issue, and then can examine that image markup in more detail.\r<br />\n<br />\nCheers, Eric<br />\n",
    "PostedDate": "2013-07-30T06:41:59.397-07:00",
    "UserRole": null,
    "MarkedAsAnswerDate": null
  },
  {
    "Id": "1074752",
    "ThreadId": "451845",
    "Html": "Thanks for your reply Eric,\r<br />\n<br />\nI finally got to the bottom of this. I had to dig out the source code for the HtmlConverter in the openxmlpower tools, after some debuging I found that this line in the code was erroring...\r<br />\n<br />\nline 371<br />\n<pre><code>styleId = (string)wordDoc.MainDocumentPart.StyleDefinitionsPart\n      .GetXDocument().Root.Elements(W.style)\n      .Where(e =&gt; (string)e.Attribute(W.type) == &quot;paragraph&quot; &amp;&amp;\n      (string)e.Attribute(W._default) == &quot;1&quot;)\n      .FirstOrDefault().Attributes(W.styleId).FirstOrDefault();\n</code></pre>\n\nbasically in my debugging the<br />\n<pre><code>(string)e.Attribute(W._default) \n</code></pre>\n\nwas returning as True or False\r<br />\n<br />\nso i changed the following line<br />\n<pre><code> .Where(e =&gt; (string)e.Attribute(W.type) == &quot;paragraph&quot; &amp;&amp;\n      (string)e.Attribute(W._default) == &quot;1&quot;)\n</code></pre>\n\nto<br />\n<pre><code>.Where(e =&gt; (string)e.Attribute(W.type) == &quot;paragraph&quot; &amp;&amp; (\n      (string)e.Attribute(W._default) == &quot;1&quot; || (string)e.Attribute(W._default) == &quot;true&quot;))\n</code></pre>\n\nand now works as expected. Thanks for your help\r<br />\n<br />\nJames<br />\n",
    "PostedDate": "2013-07-30T08:34:56.683-07:00",
    "UserRole": null,
    "MarkedAsAnswerDate": null
  }
]