[
  {
    "Id": "531952",
    "ThreadId": "237349",
    "Html": "\r\n<p>I get build errors comiling agains 2.0.</p>\r\n<p>Error&nbsp;1&nbsp;The type 'DocumentFormat.OpenXml.Packaging.CustomXmlPart' cannot be used as type parameter 'T' in the generic type or method 'DocumentFormat.OpenXml.Packaging.OpenXmlPartContainer.AddNewPart&lt;T&gt;()'. There is no implicit reference conversion\r\n from 'DocumentFormat.OpenXml.Packaging.CustomXmlPart' to 'DocumentFormat.OpenXml.Packaging.IFixedContentTypePart'.&nbsp;C:\\Projects\\Open XML PowerShell Tools\\Classes\\CustomXmlAccessor.cs&nbsp;63&nbsp;33&nbsp;OpenXml Power Tools<br>\r\nand</p>\r\n<p>Error&nbsp;2&nbsp;The type 'DocumentFormat.OpenXml.Packaging.CustomXmlPart' cannot be used as type parameter 'T' in the generic type or method 'DocumentFormat.OpenXml.Packaging.OpenXmlPartContainer.AddNewPart&lt;T&gt;()'. There is no implicit reference conversion\r\n from 'DocumentFormat.OpenXml.Packaging.CustomXmlPart' to 'DocumentFormat.OpenXml.Packaging.IFixedContentTypePart'.&nbsp;C:\\Projects\\Open XML PowerShell Tools\\Classes\\DocumentBuilder.cs&nbsp;956&nbsp;45&nbsp;OpenXml Power Tools</p>\r\n<p>Has anyone done this?</p>\r\n<p>M</p>\r\n",
    "PostedDate": "2010-12-06T12:54:23.813-08:00",
    "UserRole": null,
    "MarkedAsAnswerDate": null
  },
  {
    "Id": "533584",
    "ThreadId": "237349",
    "Html": "\r\n<p>Hi Matt, I'm getting the same compilation error. Have you figured out a solution to this?</p>\r\n<p>Thanks</p>\r\n<p>Shan</p>\r\n",
    "PostedDate": "2010-12-09T12:05:46.01-08:00",
    "UserRole": null,
    "MarkedAsAnswerDate": null
  },
  {
    "Id": "533591",
    "ThreadId": "237349",
    "Html": "\r\n<p>It looks like the Open XML APIs have been updated since the source code for this project was released. I was able to find a suggested change for this compilation error at\r\n<a href=\"http://social.msdn.microsoft.com/Forums/en-US/oxmlsdk/thread/95db2ea1-aa48-4b7d-99ae-86b3bad1bdd2/\">\r\nhttp://social.msdn.microsoft.com/Forums/en-US/oxmlsdk/thread/95db2ea1-aa48-4b7d-99ae-86b3bad1bdd2/</a> although I'm not sure if the functional behaviour of the API will work as expected. The change that I made to the lines of source that were not compiling\r\n follows:</p>\r\n<div style=\"color:black; background-color:white\">\r\n<pre>            <span style=\"color:blue\">if</span> (customXmlPart == <span style=\"color:blue\">null</span>)\r\n                customXmlPart = parentDocument.Document.MainDocumentPart.AddCustomXmlPart(CustomXmlPartType.CustomXml);\r\n</pre>\r\n</div>\r\n<p>&nbsp;</p>\r\n<p>&nbsp;</p>\r\n",
    "PostedDate": "2010-12-09T12:17:28.147-08:00",
    "UserRole": null,
    "MarkedAsAnswerDate": null
  }
]