[
  {
    "Id": 1537,
    "Title": "Review naming of cmdlet parameters"
  },
  {
    "Id": 1696,
    "Title": "Private key password needed"
  },
  {
    "Id": 1945,
    "Title": "Header and Footer Always Set First and EvenOdd Page Options"
  },
  {
    "Id": 2684,
    "Title": "Add Section parameter for Set-OpenXmlFooter and Set-OpenXmlHeader"
  },
  {
    "Id": 2685,
    "Title": "Add a parameter to Add-OpenXmlDocumentIndex/TOA/TOC/TOF to update only"
  },
  {
    "Id": 2686,
    "Title": "Create an improved, more efficient, test suite"
  },
  {
    "Id": 2687,
    "Title": "Create a cmdlet to extract paragraphs from a document"
  },
  {
    "Id": 2979,
    "Title": "Inserting New Page"
  },
  {
    "Id": 5057,
    "Title": "PowerTools Project incompatible with Open XML SDK 2.0"
  },
  {
    "Id": 6397,
    "Title": "MarkUpSimplifier removes spaces"
  },
  {
    "Id": 6588,
    "Title": "Merging documents with identical header images produces corrupted dicument"
  },
  {
    "Id": 7985,
    "Title": "RevisionAccepter miss out bookmarkEnd element which lies outside paragraph element"
  },
  {
    "Id": 8014,
    "Title": "Error: The type or namespace name 'HtmlConverterSettings' could not be found"
  },
  {
    "Id": 8682,
    "Title": "External Images not copied and corrupt doc"
  },
  {
    "Id": 8837,
    "Title": "Compile Error in Change Set 23126 Download"
  },
  {
    "Id": 9677,
    "Title": "Error: Sequence contains no elements"
  },
  {
    "Id": 9835,
    "Title": "Suggestion: move MatchInfo class from Cmdlets to Classes"
  },
  {
    "Id": 9898,
    "Title": "Suggested fix for strings not showing in Excel for version 2.2.2"
  },
  {
    "Id": 10065,
    "Title": "InvalidOperationException (Sequence contains no elements) at DocumentBuilder.MergeStyles"
  },
  {
    "Id": 10304,
    "Title": "Unable to set cell style on spreadsheet via WorksheetAccessor.SetCellValue()"
  },
  {
    "Id": 10395,
    "Title": "Suggestion: Multiline support for SearchAndReplacer"
  },
  {
    "Id": 10422,
    "Title": "Revision Accepter deletes bookmarks"
  },
  {
    "Id": 10484,
    "Title": "RevisionAccepter not accepting all changes."
  },
  {
    "Id": 10509,
    "Title": "List numbering does not work when Nsid is not set on abstract numbering elements"
  },
  {
    "Id": 10590,
    "Title": "Style numbering disappear after merge"
  },
  {
    "Id": 10624,
    "Title": "Problem with font encoding when converting to html"
  },
  {
    "Id": 10762,
    "Title": "DocumentBuilder doesn't work properly with Bookmarks at the end"
  },
  {
    "Id": 10961,
    "Title": "ArgumentNullException in RevisionAccepter"
  },
  {
    "Id": 11035,
    "Title": "TextReplacer Issues with Empty Replacement Text"
  },
  {
    "Id": 11068,
    "Title": "Object Not Set to an Instance of an object. - HTMLCONVERTER.CS"
  },
  {
    "Id": 11168,
    "Title": "MarkupSimplifier not handling TextBox content"
  },
  {
    "Id": 11247,
    "Title": "Images inside group"
  },
  {
    "Id": 11449,
    "Title": "Missing culture info in WorksheetAccessor"
  },
  {
    "Id": 11484,
    "Title": "Input validation in PresentationBuilder"
  },
  {
    "Id": 11518,
    "Title": "ListItemRetriever problem"
  },
  {
    "Id": 11555,
    "Title": "System.NullReferenceException: Object reference not set to an instance of an object"
  },
  {
    "Id": 11561,
    "Title": "ListItemRetriever Problem - 2nd issue"
  },
  {
    "Id": 11616,
    "Title": "PutXDocument is not in sync with package access mode"
  },
  {
    "Id": 11622,
    "Title": "Preserve background color in HtmlConverter"
  },
  {
    "Id": 11623,
    "Title": "Improve support for entirely centered document in HtmlConverter"
  },
  {
    "Id": 11625,
    "Title": "Corrupt output on a building a specific set of documents"
  },
  {
    "Id": 11641,
    "Title": "MarkupSimplifier not removing smartTag / std"
  },
  {
    "Id": 11653,
    "Title": "HtmlConverter should use customer number formatting to avoid culture issues"
  },
  {
    "Id": 11754,
    "Title": "Nuget and extensibility"
  },
  {
    "Id": 11761,
    "Title": "Error in WorksheetAccessor.ForceCalculateOnLoad"
  },
  {
    "Id": 11791,
    "Title": "DocumentBuilder doesn't copy theme overrides"
  },
  {
    "Id": 11827,
    "Title": "DocumentBuilder issue with restarted lists"
  },
  {
    "Id": 11830,
    "Title": "OpenXmlMemoryStreamDocument does not create valid SpreadsheetDocument"
  },
  {
    "Id": 11842,
    "Title": "Cannot convert embeded images."
  },
  {
    "Id": 11854,
    "Title": "Failed to load chart in html from docx"
  },
  {
    "Id": 11864,
    "Title": "Issue in Document Builder while merging docx"
  },
  {
    "Id": 11901,
    "Title": "Numbering is not restarted correctly after merge"
  },
  {
    "Id": 11903,
    "Title": "Make methods in WorksheetAccessor.cs public"
  },
  {
    "Id": 11915,
    "Title": "GetXDocument() caches the XDocument but never invalidates the cached copy"
  },
  {
    "Id": 11935,
    "Title": "Powershell Exceptions Missing dll"
  },
  {
    "Id": 11941,
    "Title": "Word v13 \"Object Anchors\" not converting to HTML"
  },
  {
    "Id": 11944,
    "Title": "Bulleted and Numbered lists do not convert properly if not terminated by pressing Enter twice"
  },
  {
    "Id": 11967,
    "Title": "html to open xml and vise versa"
  },
  {
    "Id": 12003,
    "Title": "Unable to find type [OpenXmlPowerTools.HtmlConverterHelper]. Make sure that the assembly that contains this type is loaded."
  },
  {
    "Id": 12021,
    "Title": "ChartUpdater sets the wrong range for the Edit Data screen."
  },
  {
    "Id": 12029,
    "Title": "Headings not converted correctly to HTML"
  },
  {
    "Id": 12078,
    "Title": "NullReferenceException in AnnotateForSections"
  },
  {
    "Id": 12097,
    "Title": "Incorrect CSS Background Definition"
  },
  {
    "Id": 12113,
    "Title": "RemoveSmartTags and RemoveContentControls are not independent"
  },
  {
    "Id": 12131,
    "Title": "FormatException Error in HtmlConverter.cs"
  },
  {
    "Id": 12147,
    "Title": "Images in Document Builder Not getting Reused."
  },
  {
    "Id": 12165,
    "Title": "Problem with images in Header/Footer"
  },
  {
    "Id": 12193,
    "Title": "DocumentBuilder merging styles from MS Word documents created with different language settings."
  },
  {
    "Id": 12201,
    "Title": "Merge Document Issue"
  },
  {
    "Id": 12204,
    "Title": "Merge Document Issue"
  },
  {
    "Id": 12207,
    "Title": "Add snk file to System.IO.Packaging,DocumentFormat.OpenXml and PowerTools .Strong-name signed assemblies must specify a public key in their InternalsVisibleTo declarations."
  },
  {
    "Id": 12258,
    "Title": "openXml docx to html"
  },
  {
    "Id": 12259,
    "Title": "openXml docx to html with format and style"
  },
  {
    "Id": 12280,
    "Title": "can I convert from excel to html using openXML"
  },
  {
    "Id": 12381,
    "Title": "After Accept Revision Table Width Changes"
  },
  {
    "Id": 12441,
    "Title": "Converted HTML removed # from hyperlink"
  },
  {
    "Id": 12477,
    "Title": "Unable to determine category for references assembly OpenXmlPowerTools.dll."
  }
]