{
  "WorkItem": {
    "AffectedComponent": {
      "Name": "",
      "DisplayName": ""
    },
    "ClosedComment": "",
    "ClosedDate": null,
    "CommentCount": 0,
    "Custom": null,
    "Description": "After updating the data in an embedded chart within a Powerpoint slide using the ChartUpdater, the chart shows the correct data, and the range is correct, but if you right click on the chart and select \"Edit Data\" you will see the blue box around the data does not cover the last record.\n\nThis means when you then manually change any of the values and the chart refreshes, it will lose the last row.\n\nThis is the call that has the problem:\n\n```\nChartUpdater.UpdateChart(pDoc, slideNumber, chartData);\n```\n\nThe Function causing the problem is this one in ChartUpdater.cs:\n```\nprivate static void UpdateEmbeddedWorkbook(ChartPart chartPart, ChartData chartData)\n```\n\nAnd it just needs line 484 (in my version) corrected by removing the -1.\n\n```\nxaRef.Value = string.Format(\"A1:{0}\", RowColToString(chartData.CategoryNames.Length - 1, chartData.SeriesNames.Length));\n```\n\nI hope someone with access to the code can pop in this fix. Thanks for a great library.",
    "LastUpdatedDate": "2015-02-20T03:32:42.703-08:00",
    "PlannedForRelease": "",
    "ReleaseVisibleToPublic": false,
    "Priority": {
      "Name": "Unassigned",
      "Severity": 0,
      "Id": 0
    },
    "ProjectName": "PowerTools",
    "ReportedDate": "2015-02-20T03:32:42.703-08:00",
    "Status": {
      "Name": "Proposed",
      "Id": 1
    },
    "ReasonClosed": {
      "Name": "Unassigned"
    },
    "Summary": "ChartUpdater sets the wrong range for the Edit Data screen.",
    "Type": {
      "Name": "Unassigned",
      "Id": 5
    },
    "VoteCount": 1,
    "Id": 12021
  },
  "FileAttachments": [],
  "Comments": []
}