{
  "WorkItem": {
    "AffectedComponent": {
      "Name": "",
      "DisplayName": ""
    },
    "ClosedComment": "",
    "ClosedDate": null,
    "CommentCount": 0,
    "Custom": null,
    "Description": "When converting from a .docx file to HTML, the tool returned CSS including \n\n\n```\nbackground:#auto;\n```\nfor a <td> element.\n\nThis has caused problems with other libraries trying to parse the CSS.",
    "LastUpdatedDate": "2015-05-06T08:28:30.057-07:00",
    "PlannedForRelease": "",
    "ReleaseVisibleToPublic": false,
    "Priority": {
      "Name": "Unassigned",
      "Severity": 0,
      "Id": 0
    },
    "ProjectName": "PowerTools",
    "ReportedDate": "2015-05-06T08:28:30.057-07:00",
    "Status": {
      "Name": "Proposed",
      "Id": 1
    },
    "ReasonClosed": {
      "Name": "Unassigned"
    },
    "Summary": "Incorrect CSS Background Definition",
    "Type": {
      "Name": "Unassigned",
      "Id": 5
    },
    "VoteCount": 1,
    "Id": 12097
  },
  "FileAttachments": [],
  "Comments": []
}