{
  "WorkItem": {
    "AffectedComponent": {
      "Name": "",
      "DisplayName": ""
    },
    "ClosedComment": "",
    "ClosedDate": null,
    "CommentCount": 0,
    "Custom": null,
    "Description": "I used openXml to convert docx to html using ConvertToHtml class it success when language is English but when language is Arabic the browser  display strange character( Ø¨Ø§Ù„Ø¹Ø±Ø¨ÙŠ ) \nso can any body help me?",
    "LastUpdatedDate": "2015-11-09T00:28:40.867-08:00",
    "PlannedForRelease": "",
    "ReleaseVisibleToPublic": false,
    "Priority": {
      "Name": "Unassigned",
      "Severity": 0,
      "Id": 0
    },
    "ProjectName": "PowerTools",
    "ReportedDate": "2015-11-09T00:28:40.867-08:00",
    "Status": {
      "Name": "Proposed",
      "Id": 1
    },
    "ReasonClosed": {
      "Name": "Unassigned"
    },
    "Summary": "openXml docx to html",
    "Type": {
      "Name": "Unassigned",
      "Id": 5
    },
    "VoteCount": 1,
    "Id": 12258
  },
  "FileAttachments": [],
  "Comments": []
}