{
  "WorkItem": {
    "AffectedComponent": {
      "Name": "",
      "DisplayName": ""
    },
    "ClosedComment": "",
    "ClosedDate": null,
    "CommentCount": 0,
    "Custom": null,
    "Description": "I am combining the same document multiple times with different information in each but the same images.  I noticed in Document Builder it is supposed to reuse images but it is not.  \n\nLooking on line 2190\n     if (newContentPart != item.ImagePart)\n                continue;\n\nThis seems to always be true, but the item.Compare on 2192 compares them as the same image.  \n\nWhat is line 2190 suppose to be doing?  Is it safe to remove it, becuase once I do the document opens fine and is a lot smaller with only the 1 Image referenced on all the pages.  If I leave the other if statement I get an image for each page with a huge document.\n\nThanks",
    "LastUpdatedDate": "2015-08-04T23:44:37.473-07:00",
    "PlannedForRelease": "",
    "ReleaseVisibleToPublic": false,
    "Priority": {
      "Name": "Unassigned",
      "Severity": 0,
      "Id": 0
    },
    "ProjectName": "PowerTools",
    "ReportedDate": "2015-07-17T06:28:05.45-07:00",
    "Status": {
      "Name": "Proposed",
      "Id": 1
    },
    "ReasonClosed": {
      "Name": "Unassigned"
    },
    "Summary": "Images in Document Builder Not getting Reused.",
    "Type": {
      "Name": "Unassigned",
      "Id": 5
    },
    "VoteCount": 1,
    "Id": 12147
  },
  "FileAttachments": [],
  "Comments": [
    {
      "Message": "I need to do research on this.  It may be a bit before I can get to this.  I am immersed in producing vNext of the Open XML SDK.",
      "PostedDate": "2015-07-18T20:38:44.55-07:00",
      "Id": -2147483648
    },
    {
      "Message": "Hello,\r\n\r\ntry replacing the if statement with the following:\r\n\r\nif (newContentPart.GetType() != typeof(MainDocumentPart) && newContentPart.GetType() != typeof(HeaderPart) && newContentPart.GetType() != typeof(FooterPart) && newContentPart != item.ImagePart)\n                    continue;\r\n\r\nThis solved the issue for me... but I have only tested on a couple of documents so far...",
      "PostedDate": "2015-08-04T23:44:37.473-07:00",
      "Id": -2147483648
    }
  ]
}