{
  "WorkItem": {
    "AffectedComponent": {
      "Name": "",
      "DisplayName": ""
    },
    "ClosedComment": "",
    "ClosedDate": null,
    "CommentCount": 0,
    "Custom": null,
    "Description": "I am trying to merge few Word documents that contain CustomXml part (for the content controls) using DocumentBuilder but I get the error “Sequence contains no elements” in the function CopyCustomXml. Basically, MainDocumentPart.CustomXMLParts is empty, though it was not empty before the StartingParts were added.",
    "LastUpdatedDate": "2013-02-21T16:16:43.33-08:00",
    "PlannedForRelease": "",
    "ReleaseVisibleToPublic": false,
    "Priority": {
      "Name": "Low",
      "Severity": 50,
      "Id": 1
    },
    "ProjectName": "PowerTools",
    "ReportedDate": "2011-12-02T04:58:56.73-08:00",
    "Status": {
      "Name": "Proposed",
      "Id": 1
    },
    "ReasonClosed": {
      "Name": "Unassigned"
    },
    "Summary": "Error: Sequence contains no elements",
    "Type": {
      "Name": "Issue",
      "Id": 3
    },
    "VoteCount": 1,
    "Id": 9677
  },
  "FileAttachments": [],
  "Comments": [
    {
      "Message": "Hi,\r\n\r\nMerging documents that contain content controls that are bound to custom XML parts is a scenario that I did not support.  The code would have to move all custom XML parts into the new document, and verify that GUIDs did not conflict in the case that multiple documents were built from the same source document.\r\n\r\nCan you say more about the scenario you are trying to address?\r\n\r\n-Eric",
      "PostedDate": "2011-12-02T13:39:28.133-08:00",
      "Id": -2147483648
    },
    {
      "Message": "Hi Eric,\r\n\r\nThanks for your reply. I wonder if you plan in a near future to support merging documents that contain content controls that are bound to custom XML parts.\r\n\r\nFollowing is a brief description of the solution where I want to use DocumentBuilder for the document merging:\r\nI am using word documents with bounded content controls (binding done with Word Xml Mapping Tool) as a templates for the Word Merge solution to get Quotations, Orders, Invoices, Contracts and some HR letters.\r\nThe number of the resulting documents is not fixed, it varies per run. Input data are provided in Xml file and for example for the Orders xml data contains \"<Orders><Order>...</Order><Order>...</Orders>\".\r\nResulting documents are created on the server, using Open XML SDK 2.0, by replacing CustomXML part with XML content from the data file and then uploaded back to our Line of business application. \r\n\r\nI got request to allow end user to select if resulting documents should be created one by one and/or merged in one big document and therefor I wanted to use DocumentBuilder. I did not consider using altChunk as I don’t know in advance how many documents I will have to merge.\r\nMaybe replacing content controls with regular text in the resulting documents should help in using DocumentBuilder to merge documents but I wonder if that is right direction.\r\n\r\nKind regards,\r\nSanja\r\n",
      "PostedDate": "2011-12-05T02:09:32.24-08:00",
      "Id": -2147483648
    },
    {
      "Message": "",
      "PostedDate": "2013-02-21T16:16:43.33-08:00",
      "Id": -2147483648
    }
  ]
}