{
  "WorkItem": {
    "AffectedComponent": {
      "Name": "",
      "DisplayName": ""
    },
    "ClosedComment": "",
    "ClosedDate": null,
    "CommentCount": 0,
    "Custom": null,
    "Description": "Hi,\n\nI found that when I convert DOCX to HTML with 'HtmlConverter.ConvertToHtml' with image handling I can get only images if they aren't inside a group. In that case the function skip my images.\n\nI changed the source code (HtmlConverter.cs) as follow but I don't know if it is the right solution:\n\n            if (element.Name == W.pict)\n            {\n                string imageRid = (string)element.__Descendants__(VML.shape)\n                    .Elements(VML.imagedata).Attributes(R.id).FirstOrDefault();\n\n\n\nThank you for your job.",
    "LastUpdatedDate": "2013-09-03T05:18:11.143-07:00",
    "PlannedForRelease": "",
    "ReleaseVisibleToPublic": false,
    "Priority": {
      "Name": "Unassigned",
      "Severity": 0,
      "Id": 0
    },
    "ProjectName": "PowerTools",
    "ReportedDate": "2013-09-03T05:18:11.143-07:00",
    "Status": {
      "Name": "Proposed",
      "Id": 1
    },
    "ReasonClosed": {
      "Name": "Unassigned"
    },
    "Summary": "Images inside group",
    "Type": {
      "Name": "Unassigned",
      "Id": 5
    },
    "VoteCount": 1,
    "Id": 11247
  },
  "FileAttachments": [],
  "Comments": []
}