{
  "WorkItem": {
    "AffectedComponent": {
      "Name": "",
      "DisplayName": ""
    },
    "ClosedComment": "",
    "ClosedDate": null,
    "CommentCount": 0,
    "Custom": null,
    "Description": "Bulleted and Numbered lists do not convert properly if not terminated by pressing Enter twice.\n\nTo reproduce:\n\n1. Create a word document. \n2. Add a numbered list. \n3. After the last item in the list, just press enter once and delete the automatically populated number by backspace and add a new sentence there. \n4. Convert the document using the OpenXml Powertools. \n5. In the converted document, the list is not shown.",
    "LastUpdatedDate": "2014-12-18T23:03:38.683-08:00",
    "PlannedForRelease": "",
    "ReleaseVisibleToPublic": false,
    "Priority": {
      "Name": "Unassigned",
      "Severity": 0,
      "Id": 0
    },
    "ProjectName": "PowerTools",
    "ReportedDate": "2014-12-18T23:03:38.683-08:00",
    "Status": {
      "Name": "Proposed",
      "Id": 1
    },
    "ReasonClosed": {
      "Name": "Unassigned"
    },
    "Summary": "Bulleted and Numbered lists do not convert properly if not terminated by pressing Enter twice",
    "Type": {
      "Name": "Unassigned",
      "Id": 5
    },
    "VoteCount": 1,
    "Id": 11944
  },
  "FileAttachments": [],
  "Comments": []
}