{
  "WorkItem": {
    "AffectedComponent": {
      "Name": "",
      "DisplayName": ""
    },
    "ClosedComment": "",
    "ClosedDate": null,
    "CommentCount": 0,
    "Custom": null,
    "Description": "If you concatenate 2 files with the DocumentBuilder and the first document has a `w:bookmarStart` and `w:bookmarkEnd` tag between the final paragraph and the document end `w:sectPr`, the resulting document won't be correct. The first paragraph of the the second document will be part of the first document. The markup then looks like this:\n```\nw:p\nwhatever the content\nw:p/\nw:bookmarkStart/\nw:bookmarkEnd\n  w:pPr\n    w:sectPr/\n  w:pPr/\nw:bookmarkEnd/\n```\nIt seems that the document end `w:sectPr` is added (along with an additional `w:pPr`) to the tag before it, whatever that tag is. It should be added to the last `w:p` before it.\n\nSorry, you'll have to think the brackets for yourselves. The issue tracker swallowed them along with their content even though they were formatted as code",
    "LastUpdatedDate": "2013-02-21T16:16:40.907-08:00",
    "PlannedForRelease": "",
    "ReleaseVisibleToPublic": false,
    "Priority": {
      "Name": "Low",
      "Severity": 50,
      "Id": 1
    },
    "ProjectName": "PowerTools",
    "ReportedDate": "2013-01-21T06:08:39.63-08:00",
    "Status": {
      "Name": "Proposed",
      "Id": 1
    },
    "ReasonClosed": {
      "Name": "Unassigned"
    },
    "Summary": "DocumentBuilder doesn't work properly with Bookmarks at the end",
    "Type": {
      "Name": "Issue",
      "Id": 3
    },
    "VoteCount": 1,
    "Id": 10762
  },
  "FileAttachments": [],
  "Comments": [
    {
      "Message": "Hi, I am pretty sure about what the issue is, and that I can fix it.  I'll take a look as soon as I am available to do so.\r\n\r\n-Eric",
      "PostedDate": "2013-01-21T07:33:30.25-08:00",
      "Id": -2147483648
    },
    {
      "Message": "",
      "PostedDate": "2013-02-21T16:16:40.907-08:00",
      "Id": -2147483648
    }
  ]
}