{
  "WorkItem": {
    "AffectedComponent": {
      "Name": "",
      "DisplayName": ""
    },
    "ClosedComment": "",
    "ClosedDate": null,
    "CommentCount": 0,
    "Custom": null,
    "Description": "When attempted to merge a document created in a Dutch office version with a document created in a English office version the resulting document ends up with default styles from both documents inside styles.xml.\n\nFor example\n\n<w:style w:styleId=\"Normal\" w:default=\"1\" w:type=\"paragraph\">\n<w:style w:styleId=\"Standaard\" w:default=\"1\" w:type=\"paragraph\">\n\nThis opens perfectly fine in MS Word 2010 and MS Word 2013. It seems only the Word Online Editor doesn't accept it (preview still looks fine)\n\nThis happens because the styleId names are not matching (because Microsoft decided to localize them i guess...)\n\nInside the DocumentBuilder class i made a small change inside the MergeStyles method to prevent this issue\n\n```\n                string name = style.Attribute(W.styleId).Value;\n                string defaultattr = (style.Attribute(W._default) != null) ? style.Attribute(W._default).Value : \"\";\n                string typeattr = (style.Attribute(W.type) != null) ? style.Attribute(W.type).Value : \"\";\n\n                if (toStyles\n                    .Root\n                    .Elements(W.style)\n                    .Where(o => (o.Attribute(W.styleId).Value == name) || ((defaultattr == \"1\") &&\n                                                                            (style.Attribute(W._default) != null) && (style.Attribute(W._default).Value == \"1\") &&\n                                                                            (o.Attribute(W.type) != null) && (o.Attribute(W.type).Value == typeattr)))\n                    .Count() == 0)\n                {\n```\n\nThis code ensures there is only 1 default style for each type in the resulting document. Not sure if this is the best solution for this problem but it does work for me, so maybe it is helpful to some others as well.",
    "LastUpdatedDate": "2015-09-03T07:41:29.893-07:00",
    "PlannedForRelease": "",
    "ReleaseVisibleToPublic": false,
    "Priority": {
      "Name": "Unassigned",
      "Severity": 0,
      "Id": 0
    },
    "ProjectName": "PowerTools",
    "ReportedDate": "2015-08-27T07:28:47.04-07:00",
    "Status": {
      "Name": "Proposed",
      "Id": 1
    },
    "ReasonClosed": {
      "Name": "Unassigned"
    },
    "Summary": "DocumentBuilder merging styles from MS Word documents created with different language settings.",
    "Type": {
      "Name": "Unassigned",
      "Id": 5
    },
    "VoteCount": 1,
    "Id": 12193
  },
  "FileAttachments": [],
  "Comments": [
    {
      "Message": "Hi,\r\n\r\nThis is a very good point - should be fixed.\r\n\r\nThis project (and management of issues) has now moved to GitHub.  Would you kindly file the issue there?\r\n\r\nI'll take care of this - but if you want to, you can feel free to create a pull request.  It is always good for my bosses to see folks using Open-Xml-PowerTools, and participating in the project, so would be awesome if you could create the PR.  But if you don't have time, I'll make the fix myself.\r\n\r\nThere is a video on the front page of the project on GitHub that shows how to create the pull request.",
      "PostedDate": "2015-08-28T14:36:37.15-07:00",
      "Id": -2147483648
    },
    {
      "Message": "Thank you for your comments,\r\n\r\nI'm unfamiliar with GitHub, but through some trial & error i think i have now created an issue and the associated pull request.\r\n\r\nLet me know if anything is still missing.\r\n\r\nWe actually use the Open-Xml-PowerTools a lot and it is a great project. So i'.m happy to contribute a little bit.",
      "PostedDate": "2015-09-03T07:41:29.893-07:00",
      "Id": -2147483648
    }
  ]
}