{
  "WorkItem": {
    "AffectedComponent": {
      "Name": "",
      "DisplayName": ""
    },
    "ClosedComment": "",
    "ClosedDate": null,
    "CommentCount": 0,
    "Custom": null,
    "Description": "If I'm reading the code right, the RevisionAccepter class assumes that the only child elements of <w:body> in document.xml are <w:p> and <w:tbl>. My documents, however, also contain <w:bookmarkStart> and <w:bookmarkEnd> elements at this level. These disappear after running the RevisionAccepter (which I was doing via the MarkupSimplifier).\n \nSome sample markup:\n \n    <w:p w:rsidR=\"000857B9\" w:rsidRDefault=\"009E2AB4\">\n      <w:pPr>\n        <w:pStyle w:val=\"Heading2\"/>\n        <w:divId w:val=\"1566181478\"/>\n        <w:rPr>\n          <w:rFonts w:eastAsia=\"Times New Roman\"/>\n        </w:rPr>\n      </w:pPr>\n      <w:bookmarkStart w:id=\"8\" w:name=\"section_GECF50\"/>\n      <w:bookmarkStart w:id=\"9\" w:name=\"_Toc316899143\"/>\n      <w:r>\n        <w:rPr>\n          <w:rFonts w:eastAsia=\"Times New Roman\"/>\n        </w:rPr>\n        <w:t>Some Heading</w:t>\n      </w:r>\n      <w:bookmarkEnd w:id=\"8\"/>\n      <w:bookmarkEnd w:id=\"9\"/>\n    </w:p>\n    <w:bookmarkStart w:id=\"10\" w:name=\"index_AGGDEM13\"/>\n    <w:bookmarkStart w:id=\"11\" w:name=\"index_CONSUMP11\"/>\n    <w:bookmarkStart w:id=\"12\" w:name=\"index_EXPCONS9\"/>\n    <w:bookmarkStart w:id=\"13\" w:name=\"index_PRICONEXP1\"/>\n    <w:bookmarkStart w:id=\"14\" w:name=\"index_INVESTMENT7\"/>\n    <w:bookmarkStart w:id=\"15\" w:name=\"index_NATIONALINCME17\"/>\n    <w:bookmarkStart w:id=\"16\" w:name=\"_GoBack\"/>\n    <w:bookmarkEnd w:id=\"16\"/>",
    "LastUpdatedDate": "2013-02-21T16:16:42.127-08:00",
    "PlannedForRelease": "",
    "ReleaseVisibleToPublic": false,
    "Priority": {
      "Name": "Low",
      "Severity": 50,
      "Id": 1
    },
    "ProjectName": "PowerTools",
    "ReportedDate": "2012-08-15T18:24:07.627-07:00",
    "Status": {
      "Name": "Proposed",
      "Id": 1
    },
    "ReasonClosed": {
      "Name": "Unassigned"
    },
    "Summary": "Revision Accepter deletes bookmarks",
    "Type": {
      "Name": "Issue",
      "Id": 3
    },
    "VoteCount": 1,
    "Id": 10422
  },
  "FileAttachments": [],
  "Comments": []
}