{
  "WorkItem": {
    "AffectedComponent": {
      "Name": "",
      "DisplayName": ""
    },
    "ClosedComment": "",
    "ClosedDate": null,
    "CommentCount": 0,
    "Custom": null,
    "Description": "We have a Kendo UI editor in our ASP.net MVC4 application. We are entering formatted text and embedded images in the editor and finally  we are  getting html from the Kendo UI editor.\nOur doubt is , How this html convert it into OpenXml?\nAlso how to convert openxml table-cell content from word to html? This html we need to show it in Kendo UI editor.\nPlease help us to solve the above issue with the help sample source code",
    "LastUpdatedDate": "2015-01-13T01:35:10.58-08:00",
    "PlannedForRelease": "",
    "ReleaseVisibleToPublic": false,
    "Priority": {
      "Name": "Unassigned",
      "Severity": 0,
      "Id": 0
    },
    "ProjectName": "PowerTools",
    "ReportedDate": "2015-01-12T20:19:18.617-08:00",
    "Status": {
      "Name": "Proposed",
      "Id": 1
    },
    "ReasonClosed": {
      "Name": "Unassigned"
    },
    "Summary": "html to open xml and vise versa",
    "Type": {
      "Name": "Unassigned",
      "Id": 5
    },
    "VoteCount": 1,
    "Id": 11967
  },
  "FileAttachments": [],
  "Comments": [
    {
      "Message": "Hi,\r\n\r\nConverting HTML/CSS to WordprocessingML is an ongoing project of mine.  I have made progress on it, but do not yet have anything to publish on it.\r\n\r\nUnderstand that this is not a trivial issue.  Already my code is three thousand lines long, and it will grow.  It is not just sample source code - it is a major enhancement to PowerTools.  I expect something to announce in a few months, but nothing as of yet.\r\n\r\nRegarding converting Open XML table to HTML - the HtmlConverter module in PowerTools for Open XML will do this for you.  If you want to pick just one table to convert, you can use DocumentBuilder to extract just the table, and then convert the extracted table to HTML/CSS.\r\n\r\nCheers, Eric",
      "PostedDate": "2015-01-12T22:01:37.61-08:00",
      "Id": -2147483648
    },
    {
      "Message": "Hi Eric,\r\n\r\nThanks for your reply.\r\n\r\n__convert openxml table-cell content from word to html?__\nDetailed description of the above issue (already mentioned in my issue)\nWe have table in word document. for each row, we are putting comments. The comments contains formatted text and embedded images. First we read the content from that table cell. That time we are getting openxml data. We tried to convert it into html using OpenXml Power Tools. it giving error. \r\n\r\nCan you give me a possible way to do the above task with a sample source code.\r\n\r\nThanks\najee",
      "PostedDate": "2015-01-13T01:35:10.58-08:00",
      "Id": -2147483648
    }
  ]
}