{
  "WorkItem": {
    "AffectedComponent": {
      "Name": "",
      "DisplayName": ""
    },
    "ClosedComment": "",
    "ClosedDate": null,
    "CommentCount": 0,
    "Custom": null,
    "Description": "The SearchAndReplacer doesn't support multiline. So when you search for a piece of text and want to replace it with a multiline piece of text is returns a single line.\n \nI wrote a post on my blog about it, with the updated code as a download: http://www.digital-transition.com/archives/2012/add-multi-line-support-to-openxmlpowertools-searchandreplacer/",
    "LastUpdatedDate": "2015-03-01T12:44:37.62-08:00",
    "PlannedForRelease": "",
    "ReleaseVisibleToPublic": false,
    "Priority": {
      "Name": "Low",
      "Severity": 50,
      "Id": 1
    },
    "ProjectName": "PowerTools",
    "ReportedDate": "2012-08-07T08:59:39.757-07:00",
    "Status": {
      "Name": "Proposed",
      "Id": 1
    },
    "ReasonClosed": {
      "Name": "Unassigned"
    },
    "Summary": "Suggestion: Multiline support for SearchAndReplacer",
    "Type": {
      "Name": "Issue",
      "Id": 3
    },
    "VoteCount": 3,
    "Id": 10395
  },
  "FileAttachments": [],
  "Comments": []
}