{
  "WorkItem": {
    "AffectedComponent": {
      "Name": "",
      "DisplayName": ""
    },
    "ClosedComment": "",
    "ClosedDate": null,
    "CommentCount": 0,
    "Custom": null,
    "Description": "TextReplacer seems to throw an error sometimes in the following code when the text to replace is empty:\n```\nXElement paragraphWithConsolidatedRuns = new XElement(W.p,\n\tgroupedAdjacentRunsWithIdenticalFormatting.Select(g =>\n\t\t{\n\t\t\tif (g.Key == \"DontConsolidate\")\n\t\t\t\treturn (object)g;\n\t\t\tstring textValue = g.Select(r => r.Element(W.t).Value).StringConcatenate();\n\t\t\tXAttribute xs = null;\n\t\t\tif (textValue[0] == ' ' || textValue[textValue.Length - 1] == ' ')\n\t\t\t\txs = new XAttribute(XNamespace.Xml + \"space\", \"preserve\");\n\t\t\treturn new XElement(W.r,\n\t\t\t\tg.First().Elements(W.rPr),\n\t\t\t\tnew XElement(W.t, xs, textValue));\n\t\t}));\n```\nLine \"if (textValue[0] == ' ' || textValue[textValue.Length - 1] == ' ')\" has error: Index was outside the bounds of the array.",
    "LastUpdatedDate": "2015-03-27T05:26:10.76-07:00",
    "PlannedForRelease": "",
    "ReleaseVisibleToPublic": false,
    "Priority": {
      "Name": "Unassigned",
      "Severity": 0,
      "Id": 0
    },
    "ProjectName": "PowerTools",
    "ReportedDate": "2013-05-21T11:38:29.3-07:00",
    "Status": {
      "Name": "Proposed",
      "Id": 1
    },
    "ReasonClosed": {
      "Name": "Unassigned"
    },
    "Summary": "TextReplacer Issues with Empty Replacement Text",
    "Type": {
      "Name": "Unassigned",
      "Id": 5
    },
    "VoteCount": 3,
    "Id": 11035
  },
  "FileAttachments": [],
  "Comments": []
}