{
  "WorkItem": {
    "AffectedComponent": {
      "Name": "",
      "DisplayName": ""
    },
    "ClosedComment": "",
    "ClosedDate": null,
    "CommentCount": 0,
    "Custom": null,
    "Description": "I don't understand why this isn't working. I've compiled PowerTools for Open XML, and even tried using a precompiled binary, nothing works.\nI have the reference to OpenXML.PowerTools added, as well as \"using OpenXml.PowerTools;\"\nI think I saw in examples the using line read \"using OpenXmlPowerTools;\" instead, with the entire thing one word, but that isn't the proper name of the .dll.\nCan anyone help me out? I'd really like to be able to use this to convert docx to HTML as seen here: http://msdn.microsoft.com/en-us/library/ff628051%28v=office.14%29.aspx",
    "LastUpdatedDate": "2013-02-21T16:16:44.02-08:00",
    "PlannedForRelease": "",
    "ReleaseVisibleToPublic": false,
    "Priority": {
      "Name": "Low",
      "Severity": 50,
      "Id": 1
    },
    "ProjectName": "PowerTools",
    "ReportedDate": "2011-01-30T22:08:35.913-08:00",
    "Status": {
      "Name": "Proposed",
      "Id": 1
    },
    "ReasonClosed": {
      "Name": "Unassigned"
    },
    "Summary": "Error: The type or namespace name 'HtmlConverterSettings' could not be found",
    "Type": {
      "Name": "Issue",
      "Id": 3
    },
    "VoteCount": 1,
    "Id": 8014
  },
  "FileAttachments": [],
  "Comments": []
}