{
  "WorkItem": {
    "AffectedComponent": {
      "Name": "",
      "DisplayName": ""
    },
    "ClosedComment": "",
    "ClosedDate": null,
    "CommentCount": 0,
    "Custom": null,
    "Description": "Hi,\n\nI am getting object reference to not set to an instance while calling DocumentBuilder.BuildDocument.\nI have downloaded the source code and find that in below function in below line the error is coming. Can you please check and let me know the solution for the error?\n\n__Class__: DocumentBuilder.cs\n\n__Function__: private static void CopyCustomXml(WordprocessingDocument sourceDocument, WordprocessingDocument newDocument, IEnumerable<XElement> newContent)\n\n__Getting Exception in this line:__\nif (itemList.Contains(propertyPartDoc.Root.Attribute(DS.itemID).Value))\n\n__EDIT:__\nI have downloaded PowerTools Core 2.7.04.\n\n\nThanks,",
    "LastUpdatedDate": "2014-09-17T22:17:19.67-07:00",
    "PlannedForRelease": "",
    "ReleaseVisibleToPublic": false,
    "Priority": {
      "Name": "Unassigned",
      "Severity": 0,
      "Id": 0
    },
    "ProjectName": "PowerTools",
    "ReportedDate": "2014-09-16T22:33:56.083-07:00",
    "Status": {
      "Name": "Proposed",
      "Id": 1
    },
    "ReasonClosed": {
      "Name": "Unassigned"
    },
    "Summary": "Issue in Document Builder while merging docx",
    "Type": {
      "Name": "Unassigned",
      "Id": 5
    },
    "VoteCount": 1,
    "Id": 11864
  },
  "FileAttachments": [
    {
      "FileId": 3896,
      "FileName": "Test Merge.zip",
      "DownloadUrl": ".\\3896"
    }
  ],
  "Comments": [
    {
      "Message": "Hi,\r\n\r\nIt might be that you have a custom XML part that contains no XML, but I'm not sure.  Can you please post the document that is causing the error?  I can then fix the issue quickly, I believe.  It is not a serious issue, I am sure.\r\n\r\nCheers, Eric",
      "PostedDate": "2014-09-17T03:12:28.82-07:00",
      "Id": -2147483648
    },
    {
      "Message": "",
      "PostedDate": "2014-09-17T22:17:18.647-07:00",
      "Id": -2147483648
    },
    {
      "Message": "Hi Eric,\r\n\r\nThanks for you timely response. \nI have attached the sample document which I have used for testing merging feature. Please check it.\nAs of now I have change the code:\r\n\r\n```\nif (itemList.Contains(propertyPartDoc.Root.Attribute(DS.itemID).Value))\n{\nCustomXmlPart newPart = newDocument.MainDocumentPart.AddCustomXmlPart(customXmlPart.ContentType);\nnewPart.GetXDocument().Add(customXmlPart.GetXDocument().Root);\nforeach (OpenXmlPart propPart in customXmlPart.Parts.Select(p => p.OpenXmlPart))\n    {\n        CustomXmlPropertiesPart newPropPart = newPart.AddNewPart<CustomXmlPropertiesPart>();\n        newPropPart.GetXDocument().Add(propPart.GetXDocument().Root);\n    }\n}\n```\r\n\r\nto\r\n\r\n```\nCustomXmlPart newPart = newDocument.MainDocumentPart.AddCustomXmlPart(customXmlPart.ContentType);\nnewPart.GetXDocument().Add(customXmlPart.GetXDocument().Root);\nforeach (OpenXmlPart propPart in customXmlPart.Parts.Select(p => p.OpenXmlPart))\n{\n\tCustomXmlPropertiesPart newPropPart = newPart.AddNewPart<CustomXmlPropertiesPart>();\n\tnewPropPart.GetXDocument().Add(propPart.GetXDocument().Root);\n}\n```\r\n\r\nRemoved only if condition and it is working fine. In if condition, \n```\npropertyPartDoc.Root.Attribute(DS.itemID)\n```\nthis object is null.\r\n\r\nAwaiting for proper solution.\r\n\r\nThanks,",
      "PostedDate": "2014-09-17T22:17:19.67-07:00",
      "Id": -2147483648
    }
  ]
}