{
  "WorkItem": {
    "AffectedComponent": {
      "Name": "",
      "DisplayName": ""
    },
    "ClosedComment": "",
    "ClosedDate": null,
    "CommentCount": 0,
    "Custom": null,
    "Description": "PresentationBuilder.BuildPresentation doesn't do any input validation on the sources - everything is passed on to AppendSlides. Here, a too large start parameter or too small (negative) count parameter fails by not copying anything over (a while loop that never runs), a too large count parameter by copying over as many slides from the source as possible (the while loop ends when there are no more slides to copy), while a too small (negative) start parameter fails by throwing an ArgumentOutOfRangeException when trying to get the ElementAt(start) from the presentation slide list. This could be a bit more robust.\n\nPersonally, I've had BuildPresentation check for negative start parameters and just throw an exception outright without opening the document. Maybe a way of signalling that not all the expected slides were copied over should be added.",
    "LastUpdatedDate": "2014-01-13T11:56:19.507-08:00",
    "PlannedForRelease": "",
    "ReleaseVisibleToPublic": false,
    "Priority": {
      "Name": "Unassigned",
      "Severity": 0,
      "Id": 0
    },
    "ProjectName": "PowerTools",
    "ReportedDate": "2013-12-31T01:14:50.04-08:00",
    "Status": {
      "Name": "Proposed",
      "Id": 1
    },
    "ReasonClosed": {
      "Name": "Unassigned"
    },
    "Summary": "Input validation in PresentationBuilder",
    "Type": {
      "Name": "Unassigned",
      "Id": 5
    },
    "VoteCount": 1,
    "Id": 11484
  },
  "FileAttachments": [],
  "Comments": [
    {
      "Message": "Hi,\r\n\r\nGood suggestions - I'll take this issue up when next doing maintenance on PresentationBuilder.\r\n\r\nCheers, Eric",
      "PostedDate": "2014-01-13T11:12:00.99-08:00",
      "Id": -2147483648
    },
    {
      "Message": "Thanks! And thank you for being part of such a great project - it sure makes my life as an office developer a lot easier.\r\n\r\nBest regards, Jacob",
      "PostedDate": "2014-01-13T11:56:19.507-08:00",
      "Id": -2147483648
    }
  ]
}