{
  "WorkItem": {
    "AffectedComponent": {
      "Name": "",
      "DisplayName": ""
    },
    "ClosedComment": "",
    "ClosedDate": null,
    "CommentCount": 0,
    "Custom": null,
    "Description": "I merged 2 documents using OpenXmlPowerTools.DocumentBuilder.BuildDocument, but the numbering of 2nd document is changed. It is changed to \"Continue Numbering\" instead of staying the same (or Restart) as it should be. I find  that this issue only occurs if the 2 word documents have same format, style.\n\nIf you look at the attachment, the Numbering of Test1.docx is changed and become this\nHeader1\n1.\tText1\n2.\tText2\n\nHeader 2\n1.\t Text3\n2.\tText4\nHeader3\n3.     Text1\n4.     Text2\n\n\nThe correct result should be this:\nHeader1\n1.\tText1\n2.\tText2\n\nHeader 2\n1.\t Text3\n2.\tText4\n\nHeader3\n1.\tText1\n2.\tText2",
    "LastUpdatedDate": "2014-10-28T10:31:15.74-07:00",
    "PlannedForRelease": "",
    "ReleaseVisibleToPublic": false,
    "Priority": {
      "Name": "Unassigned",
      "Severity": 0,
      "Id": 0
    },
    "ProjectName": "PowerTools",
    "ReportedDate": "2014-10-18T00:23:27.087-07:00",
    "Status": {
      "Name": "Proposed",
      "Id": 1
    },
    "ReasonClosed": {
      "Name": "Unassigned"
    },
    "Summary": "Numbering is not restarted correctly after merge",
    "Type": {
      "Name": "Unassigned",
      "Id": 5
    },
    "VoteCount": 1,
    "Id": 11901
  },
  "FileAttachments": [
    {
      "FileId": 3916,
      "FileName": "Test.docx",
      "DownloadUrl": ".\\3916"
    },
    {
      "FileId": 3917,
      "FileName": "MergeDoc.docx",
      "DownloadUrl": ".\\3917"
    },
    {
      "FileId": 3918,
      "FileName": "Test1.docx",
      "DownloadUrl": ".\\3918"
    },
    {
      "FileId": 3919,
      "FileName": "DocumentBuilder.cs",
      "DownloadUrl": ".\\3919"
    }
  ],
  "Comments": [
    {
      "Message": "I proposed a fix for your issue in my previous issue: http://powertools.codeplex.com/workitem/11827.\r\n\r\nIt's an easy fix. ",
      "PostedDate": "2014-10-18T01:13:42.44-07:00",
      "Id": -2147483648
    },
    {
      "Message": "Hi Thomas, but that didn't fix my problem, what am I missing? I put your fix in the CopyNumbering method, but it didn't fix it\r\n\r\nThanks\nVictor",
      "PostedDate": "2014-10-18T08:40:48.807-07:00",
      "Id": -2147483648
    },
    {
      "Message": "Although, I use 2.2 version, let me try to use 2.6 as you mentioned in your post. I'll let you know if it works in 2.6\nthanks\nVictor",
      "PostedDate": "2014-10-18T08:43:18.133-07:00",
      "Id": -2147483648
    },
    {
      "Message": "I downloaded  PowerTools Core 2.6.0, is it the version you used?\nThanks\nVictor",
      "PostedDate": "2014-10-18T08:46:16.81-07:00",
      "Id": -2147483648
    },
    {
      "Message": "In my original post, I mentioned \"DocumentBuilder version 2.6.00 (downloaded with PowerTools for Open XML 2.7.04)\". Thus, when downloading \"PowerTools Core 2.6.0\", you did at least not download the same release. However, the release you downloaded might contain the same version of the DocumentBuilder class, because that still says \"2.6.00\" in the \"PowerTools Core 2.7.04\" download.\r\n\r\nTo be 100% sure you have the exact same code base, you'd have to download PowerTools Core 2.7.04 (the very last entry on the Downloads tab) instead of PowerTools Core 2.6.0. \r\n\r\nThomas\n",
      "PostedDate": "2014-10-18T09:17:09.43-07:00",
      "Id": -2147483648
    },
    {
      "Message": "",
      "PostedDate": "2014-10-18T17:41:50.337-07:00",
      "Id": -2147483648
    },
    {
      "Message": "Hi Thomas, I downloaded PowerTools Core 2.7.04 (last entry on the Download tab) as you instructed. The DocumentBuilder.cs doesn't have your change in it, so I added your fix manually (inside the CopyNumbering method), but I still get the same result. The numbering of 2nd document is changed to 3,4 instead of staying 1, 2. You can run the test with my test docs (attached above) and see what I mean\r\n\r\nI attached the DocumentBuilder.cs with your change in it (I added #region Victor, so I know where I made the change). If you don't mind take a quick look at the file and see if I'm still missing something\r\n\r\nReally appreciate your help\nThanks\nVictor",
      "PostedDate": "2014-10-18T17:41:52.74-07:00",
      "Id": -2147483648
    },
    {
      "Message": "Hi Victor,\r\n\r\nI won't have the time to look into this in detail anytime soon. However, I have had a quick look at the XML and that looks right to me. Every list uses its own w:numId linked to w:num elements in the numbering.xml part. The w:num elements are linked to their own w:abstractNum elements. So I don't know what is happening here.\r\n\r\nThis might be a Word issue. And one way to check it out is to manually produce a document that looks as expected and then look at the XML.\r\n\r\nRegards, Thomas",
      "PostedDate": "2014-10-21T07:20:52.087-07:00",
      "Id": -2147483648
    },
    {
      "Message": "I looked at the document.xml and somehow after the merge, the bookmark element is added like this\n<w:bookmarkStart w:name=\"_GoBack\" w:id=\"2\" />\n<w:bookmarkEnd w:id=\"2\" />\r\n\r\nresulting in wrong numbering.\nI tried to remove the bookmark by doing this\r\n\r\nvar bookMarkStarts = doc.MainDocumentPart.Document.Descendants<DocumentFormat.OpenXml.Wordprocessing.BookmarkStart>().ToList();\n                var bookMarkEnds = doc.MainDocumentPart.Document.Descendants<DocumentFormat.OpenXml.Wordprocessing.BookmarkEnd>().ToList();\r\n\r\n                foreach (var bms in bookMarkStarts)\n                {\n                    bms.Remove();\n                }\r\n\r\n                foreach (var bme in bookMarkEnds)\n                {\n                    bme.Remove();\n                }\r\n\r\nbut the file is corrupted when open. I have no idea at this point\nThanks\nVictor",
      "PostedDate": "2014-10-28T10:31:15.74-07:00",
      "Id": -2147483648
    }
  ]
}