{
  "WorkItem": {
    "AffectedComponent": {
      "Name": "",
      "DisplayName": ""
    },
    "ClosedComment": "",
    "ClosedDate": null,
    "CommentCount": 0,
    "Custom": null,
    "Description": "Take the Word document file with image in a header and make its copy using Windows Explorer.\nMerge these two documents using DocumentBuilder.  Resulting document cannot be opened by the Word.\nThis scenario is common in Mail-Merge type of processing where number of merging documents is based on the same \"template\" Word document.  \nThe reason for the failure is that DocumentBuilder is checking if images are identical in ManageImageCopy() method and is skipping them if they are. Since in a scenario above all images derive from the same base document – they are identical and duplicates are skipped.  However, along the lines, some references to the single image that is left are not updated properly, thus corrupting the resulting document. \nCommenting out the logic that skips the images resolves the issue, but is defeating the purpose of minimizing number of images in a document.",
    "LastUpdatedDate": "2013-02-21T16:16:44.457-08:00",
    "PlannedForRelease": "",
    "ReleaseVisibleToPublic": false,
    "Priority": {
      "Name": "Low",
      "Severity": 50,
      "Id": 1
    },
    "ProjectName": "PowerTools",
    "ReportedDate": "2010-06-22T13:01:32.467-07:00",
    "Status": {
      "Name": "Proposed",
      "Id": 1
    },
    "ReasonClosed": {
      "Name": "Unassigned"
    },
    "Summary": "Merging documents with identical header images produces corrupted dicument",
    "Type": {
      "Name": "Issue",
      "Id": 3
    },
    "VoteCount": 4,
    "Id": 6588
  },
  "FileAttachments": [],
  "Comments": [
    {
      "Message": "Replace DocumentBuilder.CopyHeaderImages with this:\r\n\r\nprivate static void CopyHeaderImages(HeaderPart oldHeader, HeaderPart newHeader, List<ImageData> images)\r\n        {\r\n            foreach (XElement imageReference in newHeader.GetXDocument().Descendants(ns_a + \"blip\"))\r\n            {\r\n                string relId = imageReference.Attribute(ns_r + \"embed\").Value;\r\n                ImagePart oldPart = (ImagePart)oldHeader.GetPartById(relId);\r\n                ImageData temp = ManageImageCopy(oldPart, images);\r\n                if (temp.ResourceID == null)\r\n                {\r\n\r\n                    ImagePart newPart = newHeader.AddImagePart(oldPart.ContentType);\r\n                    temp.ResourceID = newHeader.GetIdOfPart(newPart);\r\n                    temp.WriteImage(newPart);\r\n                }\r\n                else\r\n                {\r\n                    if (newHeader.ExternalRelationships.Where(p => p.Id == temp.ResourceID).FirstOrDefault() == null)\r\n                    {\r\n                        AddInternalRelationship(newHeader, temp.RelationshipType, temp.Uri, temp.ResourceID);                        \r\n                    }\r\n                    \r\n                }\r\n                imageReference.Attribute(ns_r + \"embed\").Value = temp.ResourceID;\r\n            }\r\n        }\r\n\r\n        private static void AddInternalRelationship(OpenXmlPartContainer container, string relationshipType, Uri internalUri, string id)\r\n        {\r\n            MethodInfo createRelationshipMethod = typeof(OpenXmlPartContainer)\r\n                .GetMethod(\"CreateRelationship\"\r\n                , BindingFlags.Instance | BindingFlags.NonPublic\r\n                , null\r\n                , new Type[] { typeof(Uri), typeof(TargetMode), typeof(string), typeof(string) }\r\n                , null);\r\n            if (createRelationshipMethod != null)\r\n            {\r\n                createRelationshipMethod.Invoke(container, new object[]{internalUri, TargetMode.Internal, relationshipType, id});\r\n            }\r\n        }\r\n\r\nAnd replace ImageData.WriteImage with this:\r\n\r\npublic void WriteImage(ImagePart part)\r\n        {\r\n            using (Stream s = part.GetStream(FileMode.Create, FileAccess.ReadWrite))\r\n            {\r\n                s.Write(m_Image, 0, m_Image.GetUpperBound(0));\r\n            }\r\n            Uri = part.Uri;\r\n            RelationshipType = part.RelationshipType;\r\n        }\r\n\r\n        public Uri Uri { get; set; }\r\n        public string RelationshipType { get; set; }",
      "PostedDate": "2011-03-04T12:54:50.02-08:00",
      "Id": -2147483648
    },
    {
      "Message": "",
      "PostedDate": "2012-04-16T23:35:42.943-07:00",
      "Id": -2147483648
    },
    {
      "Message": "",
      "PostedDate": "2013-02-21T16:16:44.457-08:00",
      "Id": -2147483648
    }
  ]
}