{
  "WorkItem": {
    "AffectedComponent": {
      "Name": "",
      "DisplayName": ""
    },
    "ClosedComment": "",
    "ClosedDate": null,
    "CommentCount": 0,
    "Custom": null,
    "Description": "```GetXDocument()``` caches the ```XDocument``` but never invalidates the cached copy.\n\nAs a result, code that calls ```GetXDocument()``` and then changes the same part using the the Open XML SDK and calls ```GetXDocument()``` again will receive a dirty copy.\n\nThe workaround is to call either:\n\n*  ```RemoveAnnotations<XDocument>()``` which relies on the private implementation of ```GetXDocument()```; or\n* ```PutXDocument(GetXDocument)``` which is slower but has the same side effect.",
    "LastUpdatedDate": "2014-11-13T20:24:52.01-08:00",
    "PlannedForRelease": "",
    "ReleaseVisibleToPublic": false,
    "Priority": {
      "Name": "Unassigned",
      "Severity": 0,
      "Id": 0
    },
    "ProjectName": "PowerTools",
    "ReportedDate": "2014-11-13T20:24:52.01-08:00",
    "Status": {
      "Name": "Proposed",
      "Id": 1
    },
    "ReasonClosed": {
      "Name": "Unassigned"
    },
    "Summary": "GetXDocument() caches the XDocument but never invalidates the cached copy",
    "Type": {
      "Name": "Unassigned",
      "Id": 5
    },
    "VoteCount": 1,
    "Id": 11915
  },
  "FileAttachments": [],
  "Comments": []
}