{
  "WorkItem": {
    "AffectedComponent": {
      "Name": "",
      "DisplayName": ""
    },
    "ClosedComment": "",
    "ClosedDate": null,
    "CommentCount": 0,
    "Custom": null,
    "Description": "Hi,\n\nI have add latest OpenXml SDK (2.6) and PowerTools 4.0 in my project.I have added snk file to my project.I got Unable to emit assembly error.So i try to add snk file for System.IO.Packaging,DocumentFormat.OpenXml and PowerTools . For System.IO.Packaging there is no problem.But For DocumentFormat.OpenXml,After adding snk file i got below error.\n\nFriend assembly reference 'SdbBuilder' is invalid. Strong-name signed assemblies must specify a public key in their InternalsVisibleTo declarations.\n\nFriend assembly reference 'ofapiTest' is invalid. Strong-name signed assemblies must specify a public key in their InternalsVisibleTo declarations.\t\n\nFile name is (ofapi.cs)\n\nHow to solve above error.\n\nHow to add snk file to all 3 projects.I need dll with stong named type project.\nPlease help me to resolve the issue.",
    "LastUpdatedDate": "2016-01-15T06:23:34.107-08:00",
    "PlannedForRelease": "",
    "ReleaseVisibleToPublic": false,
    "Priority": {
      "Name": "Unassigned",
      "Severity": 0,
      "Id": 0
    },
    "ProjectName": "PowerTools",
    "ReportedDate": "2015-09-15T05:00:26.39-07:00",
    "Status": {
      "Name": "Proposed",
      "Id": 1
    },
    "ReasonClosed": {
      "Name": "Unassigned"
    },
    "Summary": "Add snk file to System.IO.Packaging,DocumentFormat.OpenXml and PowerTools .Strong-name signed assemblies must specify a public key in their InternalsVisibleTo declarations.",
    "Type": {
      "Name": "Unassigned",
      "Id": 5
    },
    "VoteCount": 2,
    "Id": 12207
  },
  "FileAttachments": [],
  "Comments": []
}