{
  "WorkItem": {
    "AffectedComponent": {
      "Name": "",
      "DisplayName": ""
    },
    "ClosedComment": "",
    "ClosedDate": null,
    "CommentCount": 0,
    "Custom": null,
    "Description": "I have a document where the headings are not converted to HTML correctly. It seems that if you have a heading with a background color set, the resulting markup contains a span wrapped in a div where the span CSS has the background color set but the div CSS does not. I couldn't figure out where to fix it in the HtmlConverter though. Attached is a sample document and the generated HTML file. I used OxPt-3-1-07 and the HtmlConverter01 sample to generate the HTML file.",
    "LastUpdatedDate": "2015-03-01T19:45:45.027-08:00",
    "PlannedForRelease": "",
    "ReleaseVisibleToPublic": false,
    "Priority": {
      "Name": "Unassigned",
      "Severity": 0,
      "Id": 0
    },
    "ProjectName": "PowerTools",
    "ReportedDate": "2015-03-01T12:01:37.94-08:00",
    "Status": {
      "Name": "Proposed",
      "Id": 1
    },
    "ReasonClosed": {
      "Name": "Unassigned"
    },
    "Summary": "Headings not converted correctly to HTML",
    "Type": {
      "Name": "Unassigned",
      "Id": 5
    },
    "VoteCount": 1,
    "Id": 12029
  },
  "FileAttachments": [
    {
      "FileId": 3965,
      "FileName": "Test.docx",
      "DownloadUrl": ".\\3965"
    },
    {
      "FileId": 3966,
      "FileName": "Test.html",
      "DownloadUrl": ".\\3966"
    }
  ],
  "Comments": [
    {
      "Message": "Headers and footers are not supported in the current version of HtmlConverter.  Ideally, there should be pagination functionality that creates HTML divs for each page.  Each div would have margins / padding so that it looked as close as possible to the printed page.  Then, headers / footers could be displayed in their correct places.  It is a valuable idea, and would be good to do.  It is on the list.  However, I have other projects ahead of that one...",
      "PostedDate": "2015-03-01T19:45:45.027-08:00",
      "Id": -2147483648
    }
  ]
}