{
  "WorkItem": {
    "AffectedComponent": {
      "Name": "",
      "DisplayName": ""
    },
    "ClosedComment": "",
    "ClosedDate": null,
    "CommentCount": 0,
    "Custom": null,
    "Description": "Hi\n\nCould you make some of the methods in WorksheetAccessor, which are interesting for other purposes as well, public?\n\nexamples for such methods are GetColumnNumber or GetRowColumn, i'm sure there are more which would be of general interest.\n\nbtw: GetColumnNumber is even copy pasted to SSFormula.cs, where it is private as well...",
    "LastUpdatedDate": "2014-10-21T05:37:28.49-07:00",
    "PlannedForRelease": "",
    "ReleaseVisibleToPublic": false,
    "Priority": {
      "Name": "Unassigned",
      "Severity": 0,
      "Id": 0
    },
    "ProjectName": "PowerTools",
    "ReportedDate": "2014-10-21T05:37:28.49-07:00",
    "Status": {
      "Name": "Proposed",
      "Id": 1
    },
    "ReasonClosed": {
      "Name": "Unassigned"
    },
    "Summary": "Make methods in WorksheetAccessor.cs public",
    "Type": {
      "Name": "Unassigned",
      "Id": 5
    },
    "VoteCount": 1,
    "Id": 11903
  },
  "FileAttachments": [],
  "Comments": []
}