{
  "WorkItem": {
    "AffectedComponent": {
      "Name": "",
      "DisplayName": ""
    },
    "ClosedComment": "Redirected to github",
    "ClosedDate": "2015-11-12T21:40:48.96-08:00",
    "CommentCount": 0,
    "Custom": null,
    "Description": "I used __HtmlConverter__ class to convert docx to html and it works successfully but without format or style\nlike color, font size, bold and etc\nso can any one help me?\nthanks",
    "LastUpdatedDate": "2015-11-15T01:06:12.737-08:00",
    "PlannedForRelease": "",
    "ReleaseVisibleToPublic": false,
    "Priority": {
      "Name": "Unassigned",
      "Severity": 0,
      "Id": 0
    },
    "ProjectName": "PowerTools",
    "ReportedDate": "2015-11-09T05:43:15.697-08:00",
    "Status": {
      "Name": "Closed",
      "Id": 4
    },
    "ReasonClosed": {
      "Name": "Unassigned"
    },
    "Summary": "openXml docx to html with format and style",
    "Type": {
      "Name": "Unassigned",
      "Id": 5
    },
    "VoteCount": 1,
    "Id": 12259
  },
  "FileAttachments": [],
  "Comments": [
    {
      "Message": "Get the version from GitHub (https://github.com/OfficeDev/Open-Xml-PowerTools)\r\n\r\nNote that the class name of HtmlConverter has been changed to WmlToHtmlConverter, to make it orthogonal with HtmlToWmlConverter.  There is a wrapper class named HtmlConverter, which provides the identical programming interface, though.\r\n\r\nRun the example, WmlToHtmlConverter01, and look at the formatted HTML that it generates.\r\n\r\nCheers, Eric",
      "PostedDate": "2015-11-12T21:40:22.47-08:00",
      "Id": -2147483648
    },
    {
      "Message": "",
      "PostedDate": "2015-11-12T21:40:48.96-08:00",
      "Id": -2147483648
    },
    {
      "Message": "Dear EricWhiteDpe\n really thank you for your response \nI used openXml tool Version 3.1.02 so I can convert word document to html with style and images, and it works successfully \nThank you  ",
      "PostedDate": "2015-11-15T01:06:12.737-08:00",
      "Id": -2147483648
    }
  ]
}