{
  "WorkItem": {
    "AffectedComponent": {
      "Name": "",
      "DisplayName": ""
    },
    "ClosedComment": "",
    "ClosedDate": null,
    "CommentCount": 0,
    "Custom": null,
    "Description": "Used OpenXMLPowerTool 2.7.04\n\nTried to convert a word document containing a chart.\nFailed to convert chart into html file.\n\nAlso tried to convert .doc but failed",
    "LastUpdatedDate": "2014-09-14T02:22:01.687-07:00",
    "PlannedForRelease": "",
    "ReleaseVisibleToPublic": false,
    "Priority": {
      "Name": "Unassigned",
      "Severity": 0,
      "Id": 0
    },
    "ProjectName": "PowerTools",
    "ReportedDate": "2014-09-08T10:08:12.737-07:00",
    "Status": {
      "Name": "Proposed",
      "Id": 1
    },
    "ReasonClosed": {
      "Name": "Unassigned"
    },
    "Summary": "Failed to load chart in html from docx",
    "Type": {
      "Name": "Unassigned",
      "Id": 5
    },
    "VoteCount": 1,
    "Id": 11854
  },
  "FileAttachments": [],
  "Comments": [
    {
      "Message": "Hi, \r\n\r\nI have not worked with the HTML conversion. However, .doc files are certainly not supported because they are not XML-based (and thus not supported by the Open XML SDK used by the PowerTools to open a Word document). To convert a .doc file, you must first convert it into a .docx file, using Word 2007 or later (or other tools that convert .doc into .docx files). \r\n\r\nRegards, Thomas",
      "PostedDate": "2014-09-08T13:07:56.32-07:00",
      "Id": -2147483648
    },
    {
      "Message": "Thanks Thomas.\r\n\r\nI googled and came to know that OpenXML doesnt support .doc.\r\n\r\nI agree that the Powertool wont convert .doc to .html.\r\n\r\nBut when i used docx and tried to convert it to .html, Charts were not converted.\nFurthermore, the borders which were hidden were appearing in .html file.\n",
      "PostedDate": "2014-09-10T02:11:31.883-07:00",
      "Id": -2147483648
    },
    {
      "Message": "Hi,\r\n\r\nWith regards to the conversion of documents containing charts, that is not a feature of the current HtmlConverter module.  This would require a \"render engine\" from DrawingML for Charts, that transformed to HTML, which is a pretty big task.  Certainly doable.  But no one has written this yet in the open source community, as far as I know.\r\n\r\nThere may be commercial products that do this; I have no experience with them.\r\n\r\nSorry I don't have a better answer for you, but that is the state of things at the moment.\r\n\r\nCheers, Eric",
      "PostedDate": "2014-09-14T02:22:01.687-07:00",
      "Id": -2147483648
    }
  ]
}