{
  "WorkItem": {
    "AffectedComponent": {
      "Name": "",
      "DisplayName": ""
    },
    "ClosedComment": "",
    "ClosedDate": null,
    "CommentCount": 0,
    "Custom": null,
    "Description": "Attached is a modified DocumentBuilder class handling this case.",
    "LastUpdatedDate": "2013-02-21T16:16:41.75-08:00",
    "PlannedForRelease": "",
    "ReleaseVisibleToPublic": false,
    "Priority": {
      "Name": "Low",
      "Severity": 50,
      "Id": 1
    },
    "ProjectName": "PowerTools",
    "ReportedDate": "2012-09-27T02:45:57.753-07:00",
    "Status": {
      "Name": "Proposed",
      "Id": 1
    },
    "ReasonClosed": {
      "Name": "Unassigned"
    },
    "Summary": "List numbering does not work when Nsid is not set on abstract numbering elements",
    "Type": {
      "Name": "Issue",
      "Id": 3
    },
    "VoteCount": 1,
    "Id": 10509
  },
  "FileAttachments": [
    {
      "FileId": 3429,
      "FileName": "DocumentBuilder.cs",
      "DownloadUrl": ".\\3429"
    }
  ],
  "Comments": []
}