{
  "WorkItem": {
    "AffectedComponent": {
      "Name": "",
      "DisplayName": ""
    },
    "ClosedComment": "",
    "ClosedDate": null,
    "CommentCount": 0,
    "Custom": null,
    "Description": "Steps to reproduce:\n\nUse the latest HtmlConverter to convert a Word file where the background color is set as described in http://www.solveyourtech.com/how-to-change-background-color-in-word-2010/\n\nExpected result:\n- The background color is preserved in the resulting HTML file.\n\nActual result:\n- The background color is not preserved in the resulting HTML file. The background color is white/ not set.",
    "LastUpdatedDate": "2014-09-04T08:37:30.15-07:00",
    "PlannedForRelease": "",
    "ReleaseVisibleToPublic": false,
    "Priority": {
      "Name": "Unassigned",
      "Severity": 0,
      "Id": 0
    },
    "ProjectName": "PowerTools",
    "ReportedDate": "2014-03-12T08:44:36.857-07:00",
    "Status": {
      "Name": "Proposed",
      "Id": 1
    },
    "ReasonClosed": {
      "Name": "Unassigned"
    },
    "Summary": "Preserve background color in HtmlConverter",
    "Type": {
      "Name": "Unassigned",
      "Id": 5
    },
    "VoteCount": 1,
    "Id": 11622
  },
  "FileAttachments": [],
  "Comments": [
    {
      "Message": "Yes, you are right - this should be an easy fix.  I'll put in the next release.",
      "PostedDate": "2014-03-12T20:06:46.483-07:00",
      "Id": -2147483648
    },
    {
      "Message": "Hi Eric, any news on this issue?",
      "PostedDate": "2014-09-04T08:37:30.15-07:00",
      "Id": -2147483648
    }
  ]
}