{
  "WorkItem": {
    "AffectedComponent": {
      "Name": "",
      "DisplayName": ""
    },
    "ClosedComment": "",
    "ClosedDate": null,
    "CommentCount": 0,
    "Custom": null,
    "Description": "Several of the cmdlets start with the same letter, preventing autocomplete\n \nFor example, in the case of Export-OpenXmlSpreadsheet\n \n-Chart -ChartType -ColumnsToChart -Confirm\n-OutBuffer -OutputPath -OutVariable\n \nI think if it replace \"ChartType\" to like \"TypeOfChart\" or unite -ChartType and  -Chart switch parameter,\nand replace \"OutputPath\" to \"Path\" or put position for -OutputPath,\nit will be fewer types than before.",
    "LastUpdatedDate": "2013-02-21T16:16:46.417-08:00",
    "PlannedForRelease": "",
    "ReleaseVisibleToPublic": false,
    "Priority": {
      "Name": "Low",
      "Severity": 50,
      "Id": 1
    },
    "ProjectName": "PowerTools",
    "ReportedDate": "2008-06-23T15:35:22.803-07:00",
    "Status": {
      "Name": "Proposed",
      "Id": 1
    },
    "ReasonClosed": {
      "Name": "Unassigned"
    },
    "Summary": "Review naming of cmdlet parameters",
    "Type": {
      "Name": "Issue",
      "Id": 3
    },
    "VoteCount": 1,
    "Id": 1537
  },
  "FileAttachments": [],
  "Comments": []
}