{
  "WorkItem": {
    "AffectedComponent": {
      "Name": "",
      "DisplayName": ""
    },
    "ClosedComment": "",
    "ClosedDate": null,
    "CommentCount": 0,
    "Custom": null,
    "Description": "Hi,\n\nI have merge many word template document using document builder.Each document has header and footer.But first page does not have header and footer.After merge all documents i got below two issues,\n\n1)Second page header is add with first page also.But first page does not had any header and footer.\n2)If one word template has only half of page content then next template content also merge with this.But need next template content start with new page.(please find the attached image for this problem)\n\nHow to resolve above two problems.Please provide solution.!",
    "LastUpdatedDate": "2015-09-10T08:33:36.367-07:00",
    "PlannedForRelease": "",
    "ReleaseVisibleToPublic": false,
    "Priority": {
      "Name": "Unassigned",
      "Severity": 0,
      "Id": 0
    },
    "ProjectName": "PowerTools",
    "ReportedDate": "2015-09-10T06:17:44.223-07:00",
    "Status": {
      "Name": "Proposed",
      "Id": 1
    },
    "ReasonClosed": {
      "Name": "Unassigned"
    },
    "Summary": "Merge Document Issue",
    "Type": {
      "Name": "Unassigned",
      "Id": 5
    },
    "VoteCount": 1,
    "Id": 12201
  },
  "FileAttachments": [
    {
      "FileId": 4012,
      "FileName": "Image2.png",
      "DownloadUrl": ".\\4012"
    }
  ],
  "Comments": [
    {
      "Message": "Hi,\r\n\r\nI recently did work in this area with the new DocumentBuilder that is in the PowerTools on GitHub.\r\n\r\nAlso, PowerTools on CodePlex is no longer being maintained.  Give the GitHub version a try, and if you still have issues, kindly raise the issue on GitHub.\r\n\r\nCheers, Eric",
      "PostedDate": "2015-09-10T08:33:36.367-07:00",
      "Id": -2147483648
    }
  ]
}