{
  "WorkItem": {
    "AffectedComponent": {
      "Name": "",
      "DisplayName": ""
    },
    "ClosedComment": "",
    "ClosedDate": null,
    "CommentCount": 0,
    "Custom": null,
    "Description": "Hi, I am trying to use accept all revisions on a given word document that has been attached to this request.\nBut I can still find a style change that has not been accepted when I use the code below. If I open word application and used the 'Accept all Changes in Document' button, it works fine. Please help!!\n \nCode used:\nusing (WordprocessingDocument doc = WordprocessingDocument.Open(filepath, true))\n{\n   OpenXmlPowerTools.RevisionAccepter.AcceptRevisions(doc);\n}",
    "LastUpdatedDate": "2014-08-08T04:49:54.76-07:00",
    "PlannedForRelease": "",
    "ReleaseVisibleToPublic": false,
    "Priority": {
      "Name": "Low",
      "Severity": 50,
      "Id": 1
    },
    "ProjectName": "PowerTools",
    "ReportedDate": "2012-09-13T09:18:11.557-07:00",
    "Status": {
      "Name": "Proposed",
      "Id": 1
    },
    "ReasonClosed": {
      "Name": "Unassigned"
    },
    "Summary": "RevisionAccepter not accepting all changes.",
    "Type": {
      "Name": "Issue",
      "Id": 3
    },
    "VoteCount": 1,
    "Id": 10484
  },
  "FileAttachments": [
    {
      "FileId": 3413,
      "FileName": "TestDoc.docx",
      "DownloadUrl": ".\\3413"
    }
  ],
  "Comments": [
    {
      "Message": "I missed the save statement in the above code, but I am saving the document through code, as below.\r\n\r\ndoc.MainDocumentPart.Document.Save();\r\n\r\nAny help is really appreciated.\r\nThanks!",
      "PostedDate": "2012-09-13T09:30:10.167-07:00",
      "Id": -2147483648
    },
    {
      "Message": "",
      "PostedDate": "2013-02-21T16:16:41.95-08:00",
      "Id": -2147483648
    },
    {
      "Message": "Hi,\r\n\r\ndid you fixed this issue? I have the same problem. The method does not work for some documents.\r\n\r\nThanks!",
      "PostedDate": "2014-08-08T04:49:54.76-07:00",
      "Id": -2147483648
    }
  ]
}