{
  "WorkItem": {
    "AffectedComponent": {
      "Name": "",
      "DisplayName": ""
    },
    "ClosedComment": "",
    "ClosedDate": null,
    "CommentCount": 0,
    "Custom": null,
    "Description": "We are using OpenXmlPowerTools.dll to convert Docm file to HTML. The issue we are facing is the Docm file is having a hyperlink with '#'. When such a document is converted to HTML, the # is truncated.\n\nDocm has hyperlink: https://msdn.microsoft.com/en-us/library/office/ff628051(v=office.14).aspx#XHtml_Simplest\n\nConverted HTML has hyperlink: https://msdn.microsoft.com/en-us/library/office/ff628051(v=office.14).aspx\n\nthe #XHtml_Simplest is gone in the converted HTML Page.\n\nKindly confirm if this is an issue?",
    "LastUpdatedDate": "2016-12-20T23:04:18.68-08:00",
    "PlannedForRelease": "",
    "ReleaseVisibleToPublic": false,
    "Priority": {
      "Name": "Unassigned",
      "Severity": 0,
      "Id": 0
    },
    "ProjectName": "PowerTools",
    "ReportedDate": "2016-12-20T23:04:18.68-08:00",
    "Status": {
      "Name": "Proposed",
      "Id": 1
    },
    "ReasonClosed": {
      "Name": "Unassigned"
    },
    "Summary": "Converted HTML removed # from hyperlink",
    "Type": {
      "Name": "Unassigned",
      "Id": 5
    },
    "VoteCount": 1,
    "Id": 12441
  },
  "FileAttachments": [],
  "Comments": []
}