{
  "WorkItem": {
    "AffectedComponent": {
      "Name": "",
      "DisplayName": ""
    },
    "ClosedComment": "",
    "ClosedDate": null,
    "CommentCount": 0,
    "Custom": null,
    "Description": "When updating an existing spreadsheet with a new cell value, the style index is not carried over to the new cell value.\n \nMy quick fix is below.\n \nSee around L345 in WorksheetAccessor.cs\n \n                    //cell already exists\n                    //replace the current cell with that with the new value\n                    var style = currentCell.Attributes().Where(p => p.Name == \"s\").SingleOrDefault();\n                    if (style != null)\n                    {\n                        newCell.Add(style);\n                    }\n                    currentCell.ReplaceWith(newCell);",
    "LastUpdatedDate": "2013-02-21T16:16:42.48-08:00",
    "PlannedForRelease": "",
    "ReleaseVisibleToPublic": false,
    "Priority": {
      "Name": "Low",
      "Severity": 50,
      "Id": 1
    },
    "ProjectName": "PowerTools",
    "ReportedDate": "2012-07-05T14:28:25.96-07:00",
    "Status": {
      "Name": "Proposed",
      "Id": 1
    },
    "ReasonClosed": {
      "Name": "Unassigned"
    },
    "Summary": "Unable to set cell style on spreadsheet via WorksheetAccessor.SetCellValue()",
    "Type": {
      "Name": "Issue",
      "Id": 3
    },
    "VoteCount": 1,
    "Id": 10304
  },
  "FileAttachments": [],
  "Comments": []
}