{
  "WorkItem": {
    "AffectedComponent": {
      "Name": "",
      "DisplayName": ""
    },
    "ClosedComment": "",
    "ClosedDate": null,
    "CommentCount": 0,
    "Custom": null,
    "Description": "http://www.microsoft.com/downloads/details.aspx?FamilyId=C6E744E5-36E9-45F5-8D8C-331DF206E0D0&displaylang=en\n \nInstalled Open XML SDK 2.0 (Dec 8 2009 CTP release) and PowerTools fails to compile:\n...\\Open_XML_PowerTools\\Classes\\CustomXmlAccessor.cs(63,33): error CS0311: The type 'DocumentFormat.OpenXml.Packaging.CustomXmlPart' cannot be used as type parameter 'T' in the generic type or method 'DocumentFormat.OpenXml.Packaging.OpenXmlPartContainer.AddNewPart<T>()'. There is no implicit reference conversion from 'DocumentFormat.OpenXml.Packaging.CustomXmlPart' to 'DocumentFormat.OpenXml.Packaging.IFixedContentTypePart'.\n...\\Open_XML_PowerTools\\Classes\\DocumentBuilder.cs(956,45): error CS0311: The type 'DocumentFormat.OpenXml.Packaging.CustomXmlPart' cannot be used as type parameter 'T' in the generic type or method 'DocumentFormat.OpenXml.Packaging.OpenXmlPartContainer.AddNewPart<T>()'. There is no implicit reference conversion from 'DocumentFormat.OpenXml.Packaging.CustomXmlPart' to 'DocumentFormat.OpenXml.Packaging.IFixedContentTypePart'.",
    "LastUpdatedDate": "2013-02-21T16:16:44.79-08:00",
    "PlannedForRelease": "",
    "ReleaseVisibleToPublic": false,
    "Priority": {
      "Name": "Low",
      "Severity": 50,
      "Id": 1
    },
    "ProjectName": "PowerTools",
    "ReportedDate": "2009-12-11T07:50:29.597-08:00",
    "Status": {
      "Name": "Proposed",
      "Id": 1
    },
    "ReasonClosed": {
      "Name": "Unassigned"
    },
    "Summary": "PowerTools Project incompatible with Open XML SDK 2.0",
    "Type": {
      "Name": "Issue",
      "Id": 3
    },
    "VoteCount": 9,
    "Id": 5057
  },
  "FileAttachments": [
    {
      "FileId": 2607,
      "FileName": "Open XML PowerTools.7z",
      "DownloadUrl": ".\\2607"
    }
  ],
  "Comments": [
    {
      "Message": "Also the common declaration found in various examples : CustomXmlPart myXmlPart = mainPart.AddNewPart<CustomXmlPart>();\r\n\r\nWill result in the following error:\r\nThe type 'DocumentFormat.OpenXml.Packaging.CustomXmlPart' cannot be used as type parameter 'T' in the generic type or method 'DocumentFormat.OpenXml.Packaging.OpenXmlPartContainer.AddNewPart<T>()'. There is no implicit reference conversion from 'DocumentFormat.OpenXml.Packaging.CustomXmlPart' to 'DocumentFormat.OpenXml.Packaging.IFixedContentTypePart'.\r\n",
      "PostedDate": "2010-01-13T23:40:25.82-08:00",
      "Id": -2147483648
    },
    {
      "Message": "",
      "PostedDate": "2010-02-03T06:53:08.227-08:00",
      "Id": -2147483648
    },
    {
      "Message": "",
      "PostedDate": "2010-03-18T14:46:37.657-07:00",
      "Id": -2147483648
    },
    {
      "Message": "",
      "PostedDate": "2010-05-03T11:49:12.75-07:00",
      "Id": -2147483648
    },
    {
      "Message": "To support OpenXml 2.0, you would need to change \r\n                MainDocumentPart.AddNewPart<CustomXmlPart>();\r\nto become \r\n                MainDocumentPart.AddCustomXmlPart(CustomXmlPartType.CustomXml);\r\nin two locations",
      "PostedDate": "2010-05-03T12:03:52.067-07:00",
      "Id": -2147483648
    },
    {
      "Message": "",
      "PostedDate": "2010-08-13T13:14:13.047-07:00",
      "Id": -2147483648
    },
    {
      "Message": "",
      "PostedDate": "2011-03-11T01:12:54.927-08:00",
      "Id": -2147483648
    },
    {
      "Message": "VS 2010, SDK 2 proj",
      "PostedDate": "2011-03-11T01:12:57.007-08:00",
      "Id": -2147483648
    },
    {
      "Message": "",
      "PostedDate": "2011-06-22T04:27:52.77-07:00",
      "Id": -2147483648
    },
    {
      "Message": "",
      "PostedDate": "2011-09-01T15:20:35.193-07:00",
      "Id": -2147483648
    },
    {
      "Message": "",
      "PostedDate": "2013-02-21T16:16:44.79-08:00",
      "Id": -2147483648
    }
  ]
}