{
  "WorkItem": {
    "AffectedComponent": {
      "Name": "",
      "DisplayName": ""
    },
    "ClosedComment": "",
    "ClosedDate": null,
    "CommentCount": 0,
    "Custom": null,
    "Description": "Hi,\n\nI have use latest Document builder version(Got from Github).But still i got document merge issue.\nThe content of second word templates is merge with content of previous word template.I need the second word template start with as new page.\nHow to resolve above problem.",
    "LastUpdatedDate": "2015-09-11T04:35:26.14-07:00",
    "PlannedForRelease": "",
    "ReleaseVisibleToPublic": false,
    "Priority": {
      "Name": "Unassigned",
      "Severity": 0,
      "Id": 0
    },
    "ProjectName": "PowerTools",
    "ReportedDate": "2015-09-11T04:35:24.177-07:00",
    "Status": {
      "Name": "Proposed",
      "Id": 1
    },
    "ReasonClosed": {
      "Name": "Unassigned"
    },
    "Summary": "Merge Document Issue",
    "Type": {
      "Name": "Unassigned",
      "Id": 5
    },
    "VoteCount": 1,
    "Id": 12204
  },
  "FileAttachments": [
    {
      "FileId": 4013,
      "FileName": "Image2 (1).png",
      "DownloadUrl": ".\\4013"
    }
  ],
  "Comments": []
}