{
  "WorkItem": {
    "AffectedComponent": {
      "Name": "",
      "DisplayName": ""
    },
    "ClosedComment": "",
    "ClosedDate": null,
    "CommentCount": 0,
    "Custom": null,
    "Description": "Hi - I am not able to convert images/text - that are set as object anchors - to html. I'm using powertools 3 with Convert-DocxToHtml. Sorry if this should be a discussion question instead. I could convert each image to be inline with text but I have 15 files with many anchors. Once you set an anchor to be an inline image they move location and are a mess.\n\nI've attached a portion of a file. If anyone has any advice - would be appreciated. ty",
    "LastUpdatedDate": "2014-12-15T15:56:25.687-08:00",
    "PlannedForRelease": "",
    "ReleaseVisibleToPublic": false,
    "Priority": {
      "Name": "Unassigned",
      "Severity": 0,
      "Id": 0
    },
    "ProjectName": "PowerTools",
    "ReportedDate": "2014-12-15T12:33:51.613-08:00",
    "Status": {
      "Name": "Proposed",
      "Id": 1
    },
    "ReasonClosed": {
      "Name": "Unassigned"
    },
    "Summary": "Word v13 \"Object Anchors\" not converting to HTML",
    "Type": {
      "Name": "Unassigned",
      "Id": 5
    },
    "VoteCount": 1,
    "Id": 11941
  },
  "FileAttachments": [
    {
      "FileId": 3931,
      "FileName": "(3)ARCHITECTURAL STANDARDS (1).docx",
      "DownloadUrl": ".\\3931"
    }
  ],
  "Comments": [
    {
      "Message": "Hi, I specifically didn't support this, but with the intention that at some point could revisit it.  I'll take a look at this, but it will be next week.  Kindly remind me if I don't get back on this issue.\r\n\r\n-Eric",
      "PostedDate": "2014-12-15T15:56:25.687-08:00",
      "Id": -2147483648
    }
  ]
}