{
  "WorkItem": {
    "AffectedComponent": {
      "Name": "",
      "DisplayName": ""
    },
    "ClosedComment": "",
    "ClosedDate": null,
    "CommentCount": 0,
    "Custom": null,
    "Description": "The mark-up simplifier is removing the space in front of Merge fields. \n \nI have a document which contains merge fields and it appears to remove the space in front of the Merge field. So \"Dated: «Date»\" becomes \"Dated:«Date»\".\n \nThe problem is caused by the RemoveSuperfluousRunsTransform method but I haven't been able to figure out where the problem is happening....",
    "LastUpdatedDate": "2013-02-21T16:16:44.637-08:00",
    "PlannedForRelease": "",
    "ReleaseVisibleToPublic": false,
    "Priority": {
      "Name": "Low",
      "Severity": 50,
      "Id": 1
    },
    "ProjectName": "PowerTools",
    "ReportedDate": "2010-06-02T02:29:05.607-07:00",
    "Status": {
      "Name": "Proposed",
      "Id": 1
    },
    "ReasonClosed": {
      "Name": "Unassigned"
    },
    "Summary": "MarkUpSimplifier removes spaces",
    "Type": {
      "Name": "Issue",
      "Id": 3
    },
    "VoteCount": 2,
    "Id": 6397
  },
  "FileAttachments": [
    {
      "FileId": 2110,
      "FileName": "MergeTemplate.docx",
      "DownloadUrl": ".\\2110"
    },
    {
      "FileId": 2111,
      "FileName": "ProcessedDoc.docx",
      "DownloadUrl": ".\\2111"
    }
  ],
  "Comments": [
    {
      "Message": "Can you attach a file that I can use to determine the issue?  Thanks, Eric",
      "PostedDate": "2010-06-02T06:57:10.883-07:00",
      "Id": -2147483648
    },
    {
      "Message": "",
      "PostedDate": "2010-06-02T08:18:32.67-07:00",
      "Id": -2147483648
    },
    {
      "Message": "",
      "PostedDate": "2010-06-02T08:18:34.57-07:00",
      "Id": -2147483648
    },
    {
      "Message": "Eric,\r\n\r\nI've attached the word document I was using (borrowed from another example). The strange thing is that looking at the WordML of the processed document it actually looks OK (contains the space and has the preserve space attribute), but when I open the resulting file in Word or preview it in Explorer the spaces have vanished. Not sure what is going on there. If I skip over RemoveSuperfluousRunsTransform it doesn't happen.\r\n\r\nI'm using Word 2010, I'm not sure if that has any bearing on the situation.\r\n\r\nRegards,\r\nLJ\r\n\r\n",
      "PostedDate": "2010-06-02T08:21:44.67-07:00",
      "Id": -2147483648
    },
    {
      "Message": "",
      "PostedDate": "2010-06-02T08:23:06.223-07:00",
      "Id": -2147483648
    },
    {
      "Message": "",
      "PostedDate": "2010-06-02T08:23:06.89-07:00",
      "Id": -2147483648
    },
    {
      "Message": "I've also attached the 'after' document.",
      "PostedDate": "2010-06-02T08:23:26.887-07:00",
      "Id": -2147483648
    },
    {
      "Message": "Problem is located in MarkupSimplifier.cs in line 100\r\ninstead: return new XAttribute(XNamespace.Xmlns + \"space\", \"preserve\");\r\nshould be: return new XAttribute(XNamespace.Xml + \"space\", \"preserve\");",
      "PostedDate": "2010-11-09T03:31:17.363-08:00",
      "Id": -2147483648
    },
    {
      "Message": "",
      "PostedDate": "2010-11-09T03:31:35.2-08:00",
      "Id": -2147483648
    },
    {
      "Message": "Hi all, I have fixed MarkupSimplifier.cs.  The fixed version is in HtmlConverter.zip in the Downloads tab.\r\n\r\n-Eric",
      "PostedDate": "2011-03-09T15:47:15.17-08:00",
      "Id": -2147483648
    },
    {
      "Message": "",
      "PostedDate": "2013-02-21T16:16:44.637-08:00",
      "Id": -2147483648
    }
  ]
}