{
  "WorkItem": {
    "AffectedComponent": {
      "Name": "",
      "DisplayName": ""
    },
    "ClosedComment": "",
    "ClosedDate": null,
    "CommentCount": 0,
    "Custom": null,
    "Description": "Hi,\n\nthe function GetCellValue in the WorksheetAccessor class is returning wrong values (e.g. 0.6 -> 60) because Convert.ToDouble is using the current (in this case german) culture info.\n\n```\nreturn Convert.ToDouble(value, System.Globalization.CultureInfo.InvariantCulture);\n```\n\nregards,\nMichael",
    "LastUpdatedDate": "2014-06-23T07:40:41.89-07:00",
    "PlannedForRelease": "",
    "ReleaseVisibleToPublic": false,
    "Priority": {
      "Name": "Unassigned",
      "Severity": 0,
      "Id": 0
    },
    "ProjectName": "PowerTools",
    "ReportedDate": "2013-12-05T01:16:21.273-08:00",
    "Status": {
      "Name": "Proposed",
      "Id": 1
    },
    "ReasonClosed": {
      "Name": "Unassigned"
    },
    "Summary": "Missing culture info in WorksheetAccessor",
    "Type": {
      "Name": "Unassigned",
      "Id": 5
    },
    "VoteCount": 2,
    "Id": 11449
  },
  "FileAttachments": [],
  "Comments": [
    {
      "Message": "Hi, \r\n\r\nnext one... in SetCellValue\r\n\r\n```\n....\nif (value is int || value is double)\n                newCell = new XElement(S.c, new XAttribute(NoNamespace.r, cellReference), new XElement(S.v, Convert.ToString(value, System.Globalization.CultureInfo.InvariantCulture)));\n            else ...\n```",
      "PostedDate": "2013-12-17T23:43:42.77-08:00",
      "Id": -2147483648
    },
    {
      "Message": "",
      "PostedDate": "2014-06-23T07:40:41.89-07:00",
      "Id": -2147483648
    }
  ]
}