{
  "WorkItem": {
    "AffectedComponent": {
      "Name": "",
      "DisplayName": ""
    },
    "ClosedComment": "",
    "ClosedDate": null,
    "CommentCount": 0,
    "Custom": null,
    "Description": "If you have images with external relationships (a:link instead of a:embed) then the referenced relationship is not copied and results in a corrupt document (document is missing parts error message).\n \nThe CopyImages method of DocumentBuilder needs to check for and create an external relationship (copied from the oldDoc one) and set the attribute value to the new relationship Id. It's basically the same as the embedded one except an ExternalRelationship instead of ImagePart.",
    "LastUpdatedDate": "2013-02-21T16:16:43.81-08:00",
    "PlannedForRelease": "",
    "ReleaseVisibleToPublic": false,
    "Priority": {
      "Name": "Low",
      "Severity": 50,
      "Id": 1
    },
    "ProjectName": "PowerTools",
    "ReportedDate": "2011-05-30T06:23:35.52-07:00",
    "Status": {
      "Name": "Proposed",
      "Id": 1
    },
    "ReasonClosed": {
      "Name": "Unassigned"
    },
    "Summary": "External Images not copied and corrupt doc",
    "Type": {
      "Name": "Issue",
      "Id": 3
    },
    "VoteCount": 1,
    "Id": 8682
  },
  "FileAttachments": [],
  "Comments": []
}