{
  "WorkItem": {
    "AffectedComponent": {
      "Name": "",
      "DisplayName": ""
    },
    "ClosedComment": "",
    "ClosedDate": null,
    "CommentCount": 0,
    "Custom": null,
    "Description": "Hi,\n\nFirst of all, great work on the PowerTools, it definitely is an amazing little piece of software!\n\nI have noticed a weird and rare occasion where the DocumentBuilder will generate an invalid Word file.\n\nHere are some reproducible steps;\n\nCreate 3 documents as such:\n* First document: Empty or simple text\n* Second document: Some text and an empty bookmark at the end of the paragraph.\n* Third document: Begins with a table\n\nNow for this to work (i.e. fail) the second document's bookmark has to be placed in an odd way:\nBasically, the BookmarkEnd tag has to come AFTER the last paragraph.\nSo it can look something like this:\n```\n</w:p><w:bookmarkStart w:id=\"0\" w:name=\"Test\"/><w:bookmarkEnd w:id=\"0\"/><w:sectPr w:rsidR=\"002A5245\">\n```\nOr\n```\n<w:bookmarkStart w:id=\"0\" w:name=\"Test\"/></w:p><w:bookmarkEnd w:id=\"0\"/><w:sectPr w:rsidR=\"002A5245\">\n```\nNow I realise this is quite convoluted but I have seen Word sometimes place bookmarks in such weird positions in the output XML; and it's not invalid after all.\n\nWhen DocumentBuilder puts these documents together (with default options). The output has the following illegal tag, and Word fails to open it:\n\n```\n <w:bookmarkEnd w:id=\"0\">\n      <w:pPr xmlns:w=\"http://schemas.openxmlformats.org/wordprocessingml/2006/main\">\n        <w:sectPr w:rsidR=\"00E03752\" w:rsidRPr=\"00811EE0\" w:rsidSect=\"00864E1B\">\n[...]\n        </w:sectPr>\n      </w:pPr>\n    </w:bookmarkEnd>\n\n```\nSo it's basically inserting the paragraph properties as a child to a bookmarkEnd element, which is of course not valid.\n\nIn the code, this is done in the FixUpSectionProperties method. The weird thing is that this only happens when the document after the one with the bookmark starts with a table. Due to the complexity of the whole process, I am not sure what a correct bugfix should be.",
    "LastUpdatedDate": "2014-03-13T05:21:07.51-07:00",
    "PlannedForRelease": "",
    "ReleaseVisibleToPublic": false,
    "Priority": {
      "Name": "Unassigned",
      "Severity": 0,
      "Id": 0
    },
    "ProjectName": "PowerTools",
    "ReportedDate": "2014-03-13T05:21:07.51-07:00",
    "Status": {
      "Name": "Proposed",
      "Id": 1
    },
    "ReasonClosed": {
      "Name": "Unassigned"
    },
    "Summary": "Corrupt output on a building a specific set of documents",
    "Type": {
      "Name": "Unassigned",
      "Id": 5
    },
    "VoteCount": 1,
    "Id": 11625
  },
  "FileAttachments": [],
  "Comments": []
}