{
  "WorkItem": {
    "AffectedComponent": {
      "Name": "",
      "DisplayName": ""
    },
    "ClosedComment": "",
    "ClosedDate": null,
    "CommentCount": 0,
    "Custom": null,
    "Description": "This method is not being called recursively unless the start element is a W:smartTag or W:std (which never happens).\nA possible fixed is documented inline:\n\n        private static object RemoveCustomXmlAndContentControlsTransform(\n            XNode node, SimplifyMarkupSettings simplifyMarkupSettings)\n        {\n            XElement element = node as XElement;\n            if (element != null)\n            {\n                if (simplifyMarkupSettings.RemoveSmartTags &&\n                    element.Name == W.smartTag)\n                    return element\n                        .Elements()\n                        .Where(e => e.Name != W.smartTagPr)\n                        .Select(e =>\n                            RemoveCustomXmlAndContentControlsTransform(e,\n                                simplifyMarkupSettings));\n\n                if (simplifyMarkupSettings.RemoveContentControls &&\n                    element.Name == W.sdt)\n                    return element\n                        .Element(W.sdtContent)\n                        .Elements()\n                        .Select(e =>\n                            RemoveCustomXmlAndContentControlsTransform(e,\n                                simplifyMarkupSettings));\n\n                // Recurse through whole tree.  Can this be done without allocating new XElement's?\n                return new XElement(element.Name, element.Attributes(),\n                    element.Nodes().Select(e => \n                        RemoveCustomXmlAndContentControlsTransform(e,\n                            simplifyMarkupSettings)));\n            }\n            return node;\n        }\n\n\n- Edited with bug fix, to ignore W.smartTagPr.  Really don't know if there's something inherently wrong with this.",
    "LastUpdatedDate": "2014-04-10T19:39:52.523-07:00",
    "PlannedForRelease": "",
    "ReleaseVisibleToPublic": false,
    "Priority": {
      "Name": "Unassigned",
      "Severity": 0,
      "Id": 0
    },
    "ProjectName": "PowerTools",
    "ReportedDate": "2014-03-20T13:03:14.21-07:00",
    "Status": {
      "Name": "Proposed",
      "Id": 1
    },
    "ReasonClosed": {
      "Name": "Unassigned"
    },
    "Summary": "MarkupSimplifier not removing smartTag / std",
    "Type": {
      "Name": "Unassigned",
      "Id": 5
    },
    "VoteCount": 1,
    "Id": 11641
  },
  "FileAttachments": [],
  "Comments": []
}