{
  "WorkItem": {
    "AffectedComponent": {
      "Name": "",
      "DisplayName": ""
    },
    "ClosedComment": "",
    "ClosedDate": null,
    "CommentCount": 0,
    "Custom": null,
    "Description": "In RevisionAccepter in method AddBlockLevelContentControls the tools throws ArgumentNullException when there is a content control (sdt) without runs. There is this comment in the code that shows this to be a known issue:\n                // TODO - Need a slight modification here.  If there is a paragraph\n                // in the content control that contains no runs, then because the paragraph isn't included in the\n                // content control, because the following triggers off of runs.\n                // To see an example of this, see example document \"NumberingParagraphPropertiesChange.docxs\"\n\nI report it here anyway because I found no existing issue with this information. My workaround is to insert this line:\n\n          if (runsInNewDocument.Count==0) continue;\n\njust after the line \"var runsInNewDocument = ...\"\nIt is most certainly not an entirely correct solution, but it makes the tools not break in this case.\n\nI hope this helps someone until the problem is fixed properly.\n\nThe whole class of the RevisionAccepter seems overly complex to me. I find the process of tagging and copying content hard to grasp and I suspect it could have been done much simpler.\n\nThanks.",
    "LastUpdatedDate": "2013-05-02T04:04:14.683-07:00",
    "PlannedForRelease": "",
    "ReleaseVisibleToPublic": false,
    "Priority": {
      "Name": "Unassigned",
      "Severity": 0,
      "Id": 0
    },
    "ProjectName": "PowerTools",
    "ReportedDate": "2013-05-02T04:04:14.683-07:00",
    "Status": {
      "Name": "Proposed",
      "Id": 1
    },
    "ReasonClosed": {
      "Name": "Unassigned"
    },
    "Summary": "ArgumentNullException in RevisionAccepter",
    "Type": {
      "Name": "Issue",
      "Id": 3
    },
    "VoteCount": 1,
    "Id": 10961
  },
  "FileAttachments": [],
  "Comments": []
}