{
  "WorkItem": {
    "AffectedComponent": {
      "Name": "",
      "DisplayName": ""
    },
    "ClosedComment": "",
    "ClosedDate": null,
    "CommentCount": 0,
    "Custom": null,
    "Description": "Steps:\n- Use the latest HtmlConverter to convert a Word file. The word file is created as follows:\n- Create new document\n- Insert table with some data\n- Make sure the table does not use the full page width.\n- Select all in document\n- Click the align left button\n\nExpected result:\n- The table in the resulting HTML file is horizontally centered within the web page.\n\nActual result:\n- The table is not centered.",
    "LastUpdatedDate": "2014-09-04T08:37:35.38-07:00",
    "PlannedForRelease": "",
    "ReleaseVisibleToPublic": false,
    "Priority": {
      "Name": "Unassigned",
      "Severity": 0,
      "Id": 0
    },
    "ProjectName": "PowerTools",
    "ReportedDate": "2014-03-12T08:47:27.703-07:00",
    "Status": {
      "Name": "Proposed",
      "Id": 1
    },
    "ReasonClosed": {
      "Name": "Unassigned"
    },
    "Summary": "Improve support for entirely centered document in HtmlConverter",
    "Type": {
      "Name": "Unassigned",
      "Id": 5
    },
    "VoteCount": 1,
    "Id": 11623
  },
  "FileAttachments": [],
  "Comments": [
    {
      "Message": "Yes, you are right - tables are not positioned properly horizontally.  I am currently working on this area of code - also taking care of the issue - if you position the table at the left, but the table contains RTL content, then the table is positioned at the right.\r\n\r\nI'll put this fix into the next release.",
      "PostedDate": "2014-03-12T20:04:59-07:00",
      "Id": -2147483648
    },
    {
      "Message": "Hi Eric, any news on this issue?",
      "PostedDate": "2014-09-04T08:37:35.38-07:00",
      "Id": -2147483648
    }
  ]
}