{
  "WorkItem": {
    "AffectedComponent": {
      "Name": "",
      "DisplayName": ""
    },
    "ClosedComment": "",
    "ClosedDate": null,
    "CommentCount": 0,
    "Custom": null,
    "Description": "We been using DocumentBuilder extensively in our project, but We have following difficulties, which I believe incorporate into this library will solves problem for not just mine but for other projects tooo...\n\n1. We would like to have support for nuget as its easy to maintain references and we donot really want to look inside code.\n2. We would also like to have classes or methods somewhat overridable from derivation, currently its not possible.\n3. Instead of memory stream, if given option, if returns WordDocumentStream itself, which will be helpful and also we also like to have support for providing all ready open word document package stream instead of memory stream or byte array as its creating huge memory utilization, we have around process of 1000+ document merge and opening and closing of stream causing large memory and processor impact.\n\nThank\nShrenik",
    "LastUpdatedDate": "2014-08-29T12:16:46.73-07:00",
    "PlannedForRelease": "",
    "ReleaseVisibleToPublic": false,
    "Priority": {
      "Name": "Unassigned",
      "Severity": 0,
      "Id": 0
    },
    "ProjectName": "PowerTools",
    "ReportedDate": "2014-06-17T12:39:22.23-07:00",
    "Status": {
      "Name": "Proposed",
      "Id": 1
    },
    "ReasonClosed": {
      "Name": "Unassigned"
    },
    "Summary": "Nuget and extensibility",
    "Type": {
      "Name": "Unassigned",
      "Id": 5
    },
    "VoteCount": 1,
    "Id": 11754
  },
  "FileAttachments": [],
  "Comments": [
    {
      "Message": "Hi Shrenik,\r\n\r\nThe suggestion for NuGet is a great one.  It is on my list, but I currently do not have a schedule.\r\n\r\nRegarding classes / methods overridable from derivation, you are correct, not much is possible right now.  DocumentBuilder is written using a functional programming style, which means that it mainly consists of static methods.  What exactly are you trying to accomplish?  What extensibility points do you need?\r\n\r\nRegarding memory stream / WordDocumentStream - sorry, I'm not clear.  Are you wanting to use an already open WordprocessingDocument object?  There are possibly other options to reduce memory and processor usage - when I wrote the latest version of DocumentBuilder, my focus was on robustness and reliability - should never crash, should not produce invalid documents.  The concerns of memory and processor usage were secondary.  There is progress that we could make with regards to this, but it would require a development effort.\r\n\r\nThanks for using PowerTools!\r\n\r\n-Eric",
      "PostedDate": "2014-06-17T18:43:30.453-07:00",
      "Id": -2147483648
    },
    {
      "Message": "Hi Eric,\r\n\r\nFirst Apologize for delay, I was traveling and having personal issues and needs to take break. I am sorry for that. Following are the scenarios where I would like your comment:\r\n\r\n1. Nuget, is not critical, but helpful for us to keep check on library version and update as necessary.\r\n\r\n2. You have shared current version which is 2.7.03, but assemblies doesn't version that way also it force us to download source code and compile locally, while release version still shows 2.2, do you see that in production system we can use 2.7.03 (Not looking for guarantee or warranty :)). Its just understanding that how DocumentBuilder changed and how much we can benefit out of that.\r\n\r\n3. Regarding MemoryStream and WordDocumentStream, basically, before we pass on all the source documents to document builder, we have business logic which also does some formatting on top of those sources, where we already open a document using API and manipulate and pass it finally once we run thru all documents we give collection to DocumentBuilder. Simple Example:\nThere are series of documents, each document have special MergeField, some may not have, Logic is to scan thru each document find that merge field and replace with series number such as 1., 2., 3. etc. As user have options to arrange document in whatever way they like, we prefer as dynamic merge field and generate value on runtime.\r\n\r\nNow, looking at our code and DocumentBuilder code, we are opening document atleast 3 times, this has performance impact, as assume where generally we need to stick 50~100 document on average and sometimes 300 document into single document. this has costing on performance, specifically when we run parallel DocumentBuilder for separate requests which we limited to number of core - 1 on server. But each parallel thread cause delay of 300~500 ms on average. Example:\nIf Single Request with 100 document takes around 3000 ms. on single thread.\nIf two request in parallel with same data takes 3500 ms. on each thread.\nif three request in parallel with same data takes 4000+ms. on each thread,\r\n\r\nThis is very weird, but thoughput is getting decrease. While we are running process on Xeon Processor 2.7 GHZ with 16 core. we were expecting that even it has CPU affinity to run process and we run 10 thread in simulation with same data with separate instance, result should be each document complete in 3000ms. but it doesn't, So does DocumentBuilder use any shared resources? I have looked into code but it doesn't look like but just for clarification.\r\n\r\nWhat I was suggesting is that, if we can somehow having callback like when document builder iterate thru each document to stich in main document, before stick provide call back with same stream, so we can operate on it and then update result stream so document builder utilize that, which allow us to open stream once.\r\n\r\nThank you very much for this great library, Hope this information helps\r\n\r\nThanks,\nShrenik\n",
      "PostedDate": "2014-08-29T12:16:46.73-07:00",
      "Id": -2147483648
    }
  ]
}