{
  "WorkItem": {
    "AffectedComponent": {
      "Name": "",
      "DisplayName": ""
    },
    "ClosedComment": "",
    "ClosedDate": null,
    "CommentCount": 0,
    "Custom": null,
    "Description": "When using HtmlConverter with a thread culture with another decimal seperator than a comma (e.g. most European languages), numbers in CSS style are formatted invalidly. As an example, \"1.25in\" might come out as \"1,25in\". This could be fixed with a custom NumberFormatInfo, or by using en-US culture for number formatting.",
    "LastUpdatedDate": "2014-10-21T05:42:15.227-07:00",
    "PlannedForRelease": "",
    "ReleaseVisibleToPublic": false,
    "Priority": {
      "Name": "Unassigned",
      "Severity": 0,
      "Id": 0
    },
    "ProjectName": "PowerTools",
    "ReportedDate": "2014-03-28T04:05:07.883-07:00",
    "Status": {
      "Name": "Proposed",
      "Id": 1
    },
    "ReasonClosed": {
      "Name": "Unassigned"
    },
    "Summary": "HtmlConverter should use customer number formatting to avoid culture issues",
    "Type": {
      "Name": "Unassigned",
      "Id": 5
    },
    "VoteCount": 2,
    "Id": 11653
  },
  "FileAttachments": [],
  "Comments": [
    {
      "Message": "I agree - I will fix for the next release.",
      "PostedDate": "2014-04-09T08:19:31.433-07:00",
      "Id": -2147483648
    },
    {
      "Message": "Sounds good. Thanks.",
      "PostedDate": "2014-06-13T00:58:52.853-07:00",
      "Id": -2147483648
    },
    {
      "Message": "",
      "PostedDate": "2014-10-21T05:35:23.58-07:00",
      "Id": -2147483648
    },
    {
      "Message": "(ping)\r\n\r\nDo you accept patches? Or it would be even better if source was under git, or hg to simplify pull requests, etc...",
      "PostedDate": "2014-10-21T05:42:15.227-07:00",
      "Id": -2147483648
    }
  ]
}