{
  "WorkItem": {
    "AffectedComponent": {
      "Name": "",
      "DisplayName": ""
    },
    "ClosedComment": "",
    "ClosedDate": null,
    "CommentCount": 0,
    "Custom": null,
    "Description": "When i am using powertoolsxml 2.06 it throws me following exception.\nSystem.NullReferenceException: Object reference not set to an instance of an object. from \nOpenXmlPowerTools-2-06-00\\OpenXmlPowerTools\\PtOpenXmlUtil.cs    Line: 60\non this line there is only throw e; statement that throws the exception.\n\nBut, when i debugged to some extent i find that the function argument 'part' was null when it threw this exception.\n\nAny information and fix for this ?",
    "LastUpdatedDate": "2014-02-26T03:47:25.923-08:00",
    "PlannedForRelease": "",
    "ReleaseVisibleToPublic": false,
    "Priority": {
      "Name": "Unassigned",
      "Severity": 0,
      "Id": 0
    },
    "ProjectName": "PowerTools",
    "ReportedDate": "2014-02-05T03:08:30.02-08:00",
    "Status": {
      "Name": "Proposed",
      "Id": 1
    },
    "ReasonClosed": {
      "Name": "Unassigned"
    },
    "Summary": "System.NullReferenceException: Object reference not set to an instance of an object",
    "Type": {
      "Name": "Unassigned",
      "Id": 5
    },
    "VoteCount": 1,
    "Id": 11555
  },
  "FileAttachments": [],
  "Comments": [
    {
      "Message": "Hi,\r\n\r\nI need more information than this.  This is being thrown in the method GetXDocument, which is called by numerous other modules.  This could be caused by an issue in PowerTools.  It also could be caused by an invalid document, presentation, or spreadsheet - although PowerTools should supply a better exception than this, if this is the case.\r\n\r\nCan you tell me exactly which part of PowerTools you were running?  If you could supply me with sample code and a sample document, I'm sure that I can find out the root cause quickly.\r\n\r\nCheers, Eric",
      "PostedDate": "2014-02-11T10:35:27.003-08:00",
      "Id": -2147483648
    },
    {
      "Message": "Hi,\nI had the same problem:\nI compiled the downloaded sourcecode and referenced the assembly in my project.\nVS then complaint about assembly-binding-issues which I could resolve by changing the OpenDocument-reference in the PowerTools-project to the assembly-version which I actually use in my project (I also had to upgrade the PowerTools-project to the 4.0 client framework).\r\n\r\nHope this solves your issue too.\r\n\r\nCheers, JD",
      "PostedDate": "2014-02-26T03:47:25.923-08:00",
      "Id": -2147483648
    }
  ]
}