{
  "WorkItem": {
    "AffectedComponent": {
      "Name": "",
      "DisplayName": ""
    },
    "ClosedComment": "",
    "ClosedDate": null,
    "CommentCount": 0,
    "Custom": null,
    "Description": "Currently, these cmdlets will only change the header or footer in the first Section of the document (or create a section, if there is not one currently). Instead, add a parameter to specify a section, by number. 1 would be the first section, 2 the second, and so on. If the parameter is not specified, the default is 1, so that it works as it does now.",
    "LastUpdatedDate": "2013-02-21T16:16:45.807-08:00",
    "PlannedForRelease": "",
    "ReleaseVisibleToPublic": false,
    "Priority": {
      "Name": "Low",
      "Severity": 50,
      "Id": 1
    },
    "ProjectName": "PowerTools",
    "ReportedDate": "2008-11-22T13:44:58.977-08:00",
    "Status": {
      "Name": "Proposed",
      "Id": 1
    },
    "ReasonClosed": {
      "Name": "Unassigned"
    },
    "Summary": "Add Section parameter for Set-OpenXmlFooter and Set-OpenXmlHeader",
    "Type": {
      "Name": "Issue",
      "Id": 3
    },
    "VoteCount": 1,
    "Id": 2684
  },
  "FileAttachments": [],
  "Comments": []
}