{
  "WorkItem": {
    "AffectedComponent": {
      "Name": "",
      "DisplayName": ""
    },
    "ClosedComment": "",
    "ClosedDate": null,
    "CommentCount": 0,
    "Custom": null,
    "Description": "When using the Set-OpenXmlFooter & Set-OpenXmlHeader cmdlets the First and EvenAndOddHeader page properties are set regardless of what type of Footer or Header is actually specified. \nIn the files FooterAccessor.cs and HeaderAccessor.cs the block of code for inserting the TitlePg element should only be executed if the footer/header type is First. As well in these to files the line calling AddEvenAndOddHeaderElement() should only be called if the footer/header type is Even.\nPerhaps an additional option of Odd could be added to the cmdlet parameters which would set the Default footer/header and also set the EvenAndOddHeader property?",
    "LastUpdatedDate": "2013-02-21T16:16:46.037-08:00",
    "PlannedForRelease": "",
    "ReleaseVisibleToPublic": false,
    "Priority": {
      "Name": "Low",
      "Severity": 50,
      "Id": 1
    },
    "ProjectName": "PowerTools",
    "ReportedDate": "2008-08-01T15:43:07.623-07:00",
    "Status": {
      "Name": "Proposed",
      "Id": 1
    },
    "ReasonClosed": {
      "Name": "Unassigned"
    },
    "Summary": "Header and Footer Always Set First and EvenOdd Page Options",
    "Type": {
      "Name": "Issue",
      "Id": 3
    },
    "VoteCount": 1,
    "Id": 1945
  },
  "FileAttachments": [],
  "Comments": []
}