{
  "WorkItem": {
    "AffectedComponent": {
      "Name": "",
      "DisplayName": ""
    },
    "ClosedComment": "",
    "ClosedDate": null,
    "CommentCount": 0,
    "Custom": null,
    "Description": "DocumentBuilder version 2.6.00 (downloaded with PowerTools for Open XML 2.7.04) does not handle numbered lists correctly when these are restarted. \n\nFor example, if you have a style like List Numbered or another custom style with an associated multi-level list, you can have multiple groups of paragraphs using that style your document that are separated by unnumbered body text. You typically want to start each new group with 1, which can be achieved by selecting \"Restart at 1\" from the context menu. \n\nWhen using DocumentBuilder to create a document, lists are not restarted because DocumentBuilder only creates a single w:num element in the numbering definitions part. To restart a list, however, DocumentBuilder would have to retain the individual w:num elements that are required for that purpose. Therefore, I'm proposing the following fix (showing relevant code within CopyNumbering method, starting at line 1204), consisting of two new lines of code that I've inserted:\n\n```\n        // Copy numbering element, if necessary (use matching element with no overrides)\n        XElement newElement = newNumbering\n            .Descendants()\n            .Elements(W.num)\n            .Where(e => e.Annotation<FromPreviousSourceSemaphore>() == null)\n            // Start of proposed change.\n            .Where(e => e.Annotation<string>() == numId)\n            // End of change.\n            .Where(p => \n                ((string)p.Elements(W.abstractNumId)\n                             .First().Attribute(W.val)) == newAbstractId)\n            .FirstOrDefault();\n        if (newElement == null)\n        {\n            newElement = new XElement(element);\n            newElement\n                .Elements(W.abstractNumId)\n                .First()\n                .Attribute(W.val).Value = newAbstractId;\n            newElement.Attribute(W.numId).Value = number.ToString();\n\n            // Start of proposed change: Adding w:numId\n            // attribute value as annotation. This will make\n            // DocumentBuilder create a new w:num element for each \n            // original w:num element.\n            // This way, we support the restarting of a numbered\n            // list, which requires one additional w:num element\n            // each time numbering is restarted.\n            newElement.AddAnnotation(numId);\n            // End of change.\n\n            number++;\n            newNumbering.Root.Add(newElement);\n        }\n        idElement.Attribute(W.val).Value = newElement.Attribute(W.numId).Value;\n```\n\nI've tested this with some documents and it works as desired. I've also tried different approaches that effectively consolidate w:num elements with essentially the same inner XML (e.g., w:lvlOverride elements). However, these all break the restarting of lists. Thus, copying all w:num elements that are referenced by the content is the only way to go.\n\nRegards, Thomas",
    "LastUpdatedDate": "2014-08-15T12:09:31.103-07:00",
    "PlannedForRelease": "",
    "ReleaseVisibleToPublic": false,
    "Priority": {
      "Name": "Unassigned",
      "Severity": 0,
      "Id": 0
    },
    "ProjectName": "PowerTools",
    "ReportedDate": "2014-08-14T11:03:42.093-07:00",
    "Status": {
      "Name": "Proposed",
      "Id": 1
    },
    "ReasonClosed": {
      "Name": "Unassigned"
    },
    "Summary": "DocumentBuilder issue with restarted lists",
    "Type": {
      "Name": "Unassigned",
      "Id": 5
    },
    "VoteCount": 1,
    "Id": 11827
  },
  "FileAttachments": [],
  "Comments": [
    {
      "Message": "I just changed my CodePlex account. I created the above issue report using my previous account (thomas1966) which has been deleted.\r\n\r\nRegards, Thomas",
      "PostedDate": "2014-08-15T12:09:31.103-07:00",
      "Id": -2147483648
    }
  ]
}