{
  "WorkItem": {
    "AffectedComponent": {
      "Name": "",
      "DisplayName": ""
    },
    "ClosedComment": "",
    "ClosedDate": null,
    "CommentCount": 0,
    "Custom": null,
    "Description": "using System;\nusing System.Collections.Generic;\nusing System.Linq;\nusing System.Web;\nusing System.IO;\nusing DocumentFormat.OpenXml;\nusing DocumentFormat.OpenXml.Packaging;\nusing DocumentFormat.OpenXml.Wordprocessing;\n//using NotesFor.HtmlToOpenXml;\nnamespace trail.Common\n{\n    public class Program\n    {\n        static void Main(string[] args)\n{\n     const string filename = \"test.docx\";\n     string html = Properties.Resources.DemoHtml;\n\n     if (File.Exists(filename)) File.Delete(filename);\n\n     using (MemoryStream generatedDocument = new MemoryStream())\n     {\n          using (WordprocessingDocument package = WordprocessingDocument.Create(generatedDocument, WordprocessingDocumentType.Document))\n          {\n               MainDocumentPart mainPart = package.MainDocumentPart;\n               if (mainPart == null)\n               {\n                    mainPart = package.AddMainDocumentPart();\n                    new Document(new Body()).Save(mainPart);\n               }\n\n               HtmlConverter converter = new HtmlConverter(mainPart);\n               converter.ParseHtml(html);\n\n               mainPart.Document.Save();\n          }\n\n          File.WriteAllBytes(filename, generatedDocument.ToArray());\n     }\n\n     System.Diagnostics.Process.Start(filename);\n}\n    }\n}",
    "LastUpdatedDate": "2017-10-11T00:33:21.67-07:00",
    "PlannedForRelease": "",
    "ReleaseVisibleToPublic": false,
    "Priority": {
      "Name": "Unassigned",
      "Severity": 0,
      "Id": 0
    },
    "ProjectName": "PowerTools",
    "ReportedDate": "2017-10-11T00:33:21.67-07:00",
    "Status": {
      "Name": "Proposed",
      "Id": 1
    },
    "ReasonClosed": {
      "Name": "Unassigned"
    },
    "Summary": "Unable to determine category for references assembly OpenXmlPowerTools.dll.",
    "Type": {
      "Name": "Unassigned",
      "Id": 5
    },
    "VoteCount": 1,
    "Id": 12477
  },
  "FileAttachments": [],
  "Comments": []
}