{
  "WorkItem": {
    "AffectedComponent": {
      "Name": "",
      "DisplayName": ""
    },
    "ClosedComment": "Fixed with version 2.06.03",
    "ClosedDate": "2014-02-13T22:54:51.363-08:00",
    "CommentCount": 0,
    "Custom": null,
    "Description": "I found another ListItemRetriever issue. This happens when a paragraph with no text has numbering information. MS Word takes this situation into account and correctly computes the ListItem number.\n\nMy solution was to comment the initial code of RetrieveListItem method, so it doesn't ignore paragraph with no text. \n\n```\n        public static string RetrieveListItem(WordprocessingDocument wordDoc,\n            XElement paragraph, string bulletReplacementString)\n        {\n            //if (paragraph.Descendants(W.r).FirstOrDefault() == null ||\n            //    !paragraph.Descendants(W.r).Elements(W.t).Any())\n            //    return null;\n            NumberingDefinitionsPart numberingDefinitionsPart =\n                wordDoc.MainDocumentPart.NumberingDefinitionsPart;\n```\nAt the end of the same method I don't retrieve a listItem if there is no text but the level numbering gets registered.\n\n```\nstring listItem = FormatListItem(listItemInfo.Lvl, levelNumbers, lvlText,\n                    bulletReplacementString, styles);\n\n                // New if statement\n                if (paragraph.Descendants(W.r).FirstOrDefault() == null ||\n                    !paragraph.Descendants(W.r).Elements(W.t).Any())\n                    return null;\n                return listItem;\n```\n\nIt is also necessary to correct ParagraphsBeforeSelfForListItemRetriever so it doesn't ignore as well empty text paragraphs:\n\n```\npublic static IEnumerable<XElement> ParagraphsBeforeSelfForListItemRetriever(this XElement paragraph)\n        {\n            var currentInTree = paragraph;\n            while (true)\n            {\n                var elementsBeforeSelf = currentInTree.ElementsBeforeSelfReverseDocumentOrder();\n                foreach (var element in elementsBeforeSelf)\n                {\n                    if (element.Name == W.p)\n                    {\n                        // Commented\n                        // var run = element.Descendants(W.r).FirstOrDefault();\n                        // if (run != null && run.Element(W.t) != null)\n                        \n                        yield return element;\n                    }\n```\nI didn't check the specification in order to check if MS Word is having the correct behavior.\n\nHope it helps",
    "LastUpdatedDate": "2014-02-13T22:54:51.363-08:00",
    "PlannedForRelease": "",
    "ReleaseVisibleToPublic": false,
    "Priority": {
      "Name": "Unassigned",
      "Severity": 0,
      "Id": 0
    },
    "ProjectName": "PowerTools",
    "ReportedDate": "2014-02-09T11:18:36.213-08:00",
    "Status": {
      "Name": "Closed",
      "Id": 4
    },
    "ReasonClosed": {
      "Name": "Fixed"
    },
    "Summary": "ListItemRetriever Problem - 2nd issue",
    "Type": {
      "Name": "Unassigned",
      "Id": 5
    },
    "VoteCount": 1,
    "Id": 11561
  },
  "FileAttachments": [
    {
      "FileId": 3794,
      "FileName": "LIR numbering issues.rar",
      "DownloadUrl": ".\\3794"
    }
  ],
  "Comments": [
    {
      "Message": "I did additional checks and my previous solution didn't solve the issue.\nI'm taking another look into the code.",
      "PostedDate": "2014-02-10T07:14:50.83-08:00",
      "Id": -2147483648
    },
    {
      "Message": "Hi,\r\n\r\nI have put together a fix for this issue, and for the issue where the ListItemRetriever was not taking base styles into account.\r\n\r\nI am currently running the code through my battery of tests.  I should have a new release posted in the next one or two days.\r\n\r\nThanks for finding the issues.\r\n\r\nRegards, Eric",
      "PostedDate": "2014-02-11T09:33:35.35-08:00",
      "Id": -2147483648
    },
    {
      "Message": "",
      "PostedDate": "2014-02-11T10:12:02.84-08:00",
      "Id": -2147483648
    },
    {
      "Message": "Dear Eric,\r\n\r\nLet me add a few more information as I've been working in this issue.\nI need to have it fixed.\r\n\r\nMS word has a strange behavior regarding this issue.\nSo, regarding numbered paragraphs:\r\n\r\nI found that for paragraphs with no text, Word displays the numbering information except if the same paragraph has a section properties element (SectPr). The same happens if there is a \"vanish\" element inside the rPr properties of the pPr properties of the paragraph.\r\n\r\nBut, there is a difference regarding the presence of the vanish element and the sectpr element. In the first case the numbering gets processed and in the second case doesn't. (I don't know what will happen with both elements present, did not occur)\r\n\r\nI was able to reproduce this behavior with a few very simple documents that I'm attaching.\r\n\r\nSo, I coded a different version of my previous solution that seems to work fine.\nI tested with more than 4000 documents, most of them having numbering information from the numbering features of word.\r\n\r\nMy new solution:\r\n\r\n```\npublic static string RetrieveListItem(WordprocessingDocument wordDoc,\n            XElement paragraph, string bulletReplacementString)\n        {\n            // Version 11-2-2014\n            if (paragraph.Descendants(W.r).FirstOrDefault() == null ||\n                !paragraph.Descendants(W.r).Elements(W.t).Any())\n                if (paragraph.Descendants(W.pPr).Elements(W.sectPr).Any())\n                    return null;\r\n\r\n            NumberingDefinitionsPart numberingDefinitionsPart =\n                wordDoc.MainDocumentPart.NumberingDefinitionsPart;\r\n\r\n\n // near the end of the same method:\nstring listItem = FormatListItem(listItemInfo.Lvl, levelNumbers, lvlText,\n                    bulletReplacementString, styles);\r\n\r\n                // version 11-2-2014\n                if (paragraph.Descendants(W.r).FirstOrDefault() == null ||\n                    !paragraph.Descendants(W.r).Elements(W.t).Any())\n                    if (paragraph.Descendants(W.pPr).Elements(W.rPr).Elements(W.vanish).Any())\n                        return null;\r\n\r\n                return listItem;\r\n\r\n\r\n\r\n// The next method to be updated:\r\n\r\n public static IEnumerable<XElement> ParagraphsBeforeSelfForListItemRetriever(this XElement paragraph)\n        {\n            var currentInTree = paragraph;\n            while (true)\n            {\n                var elementsBeforeSelf = currentInTree.ElementsBeforeSelfReverseDocumentOrder();\n                foreach (var element in elementsBeforeSelf)\n                {\n                    if (element.Name == W.p)\n                    {                       \n                        var run = element.Descendants(W.r).FirstOrDefault();\r\n\r\n                        // Version 11-2-2014\n                        if (run != null && run.Element(W.t) != null)\n                            yield return element;\n                        if (!paragraph.Descendants(W.pPr).Elements(W.sectPr).Any())\n                            yield return element;\n                    }\r\n\r\n```\r\n\r\nRegards,\nJosé\n",
      "PostedDate": "2014-02-11T10:12:03.737-08:00",
      "Id": -2147483648
    },
    {
      "Message": "I've released PowerTools Core 2.06.03 which fixes this issue.\r\n\r\nRegards, Eric",
      "PostedDate": "2014-02-13T22:53:47.133-08:00",
      "Id": -2147483648
    },
    {
      "Message": "",
      "PostedDate": "2014-02-13T22:54:51.363-08:00",
      "Id": -2147483648
    }
  ]
}