{
  "WorkItem": {
    "AffectedComponent": {
      "Name": "",
      "DisplayName": ""
    },
    "ClosedComment": "",
    "ClosedDate": null,
    "CommentCount": 0,
    "Custom": null,
    "Description": "In PowerTools Core 2.7.03 the method WorksheetAccessor.ForceCalculateOnLoad fails if there is no element S.calcPr. The method then adds the element but doesn't update the value of the variable \"element\" which stays \"null\".\n\nSo the access to element.SetAttributeValue fails with a NullReferenceException.\n\nMy quick fix is to assign the new added XElement to \"element\":\n\n```\n        public static void ForceCalculateOnLoad(SpreadsheetDocument document)\n        {\n            XDocument book = document.WorkbookPart.GetXDocument();\n            XElement element = book.Root.Element(S.calcPr);\n            if (element == null)\n            {\n                book.Root.Add(new XElement(S.calcPr));\n                element = book.Root.Element(S.calcPr);\n            }\n            element.SetAttributeValue(NoNamespace.fullCalcOnLoad, \"1\");\n            document.WorkbookPart.PutXDocument();\n        }\n```",
    "LastUpdatedDate": "2014-06-26T02:04:53.923-07:00",
    "PlannedForRelease": "",
    "ReleaseVisibleToPublic": false,
    "Priority": {
      "Name": "Unassigned",
      "Severity": 0,
      "Id": 0
    },
    "ProjectName": "PowerTools",
    "ReportedDate": "2014-06-26T02:04:53.923-07:00",
    "Status": {
      "Name": "Proposed",
      "Id": 1
    },
    "ReasonClosed": {
      "Name": "Unassigned"
    },
    "Summary": "Error in WorksheetAccessor.ForceCalculateOnLoad",
    "Type": {
      "Name": "Unassigned",
      "Id": 5
    },
    "VoteCount": 1,
    "Id": 11761
  },
  "FileAttachments": [],
  "Comments": []
}