{
  "WorkItem": {
    "AffectedComponent": {
      "Name": "",
      "DisplayName": ""
    },
    "ClosedComment": "",
    "ClosedDate": null,
    "CommentCount": 0,
    "Custom": null,
    "Description": "Have attached a new version of WorksheetAccessor that fixes the issue with strings not showing in Excel. Have also used SharedStringTable instead of inline string.",
    "LastUpdatedDate": "2013-02-21T16:16:42.947-08:00",
    "PlannedForRelease": "",
    "ReleaseVisibleToPublic": false,
    "Priority": {
      "Name": "Low",
      "Severity": 50,
      "Id": 1
    },
    "ProjectName": "PowerTools",
    "ReportedDate": "2012-02-09T00:05:10.303-08:00",
    "Status": {
      "Name": "Proposed",
      "Id": 1
    },
    "ReasonClosed": {
      "Name": "Unassigned"
    },
    "Summary": "Suggested fix for strings not showing in Excel for version 2.2.2",
    "Type": {
      "Name": "Issue",
      "Id": 3
    },
    "VoteCount": 1,
    "Id": 9898
  },
  "FileAttachments": [
    {
      "FileId": 3256,
      "FileName": "WorksheetAccessor.cs",
      "DownloadUrl": ".\\3256"
    }
  ],
  "Comments": []
}