{
  "WorkItem": {
    "AffectedComponent": {
      "Name": "",
      "DisplayName": ""
    },
    "ClosedComment": "Fixed by 2.06.03",
    "ClosedDate": "2014-02-13T22:56:35.12-08:00",
    "CommentCount": 0,
    "Custom": null,
    "Description": "I coudn't retrieve a numbering information from a specific paragraph using ListItemRetriever.\n\nI think the problem is related with this method:\n\n```\nprivate static ListItemInfo GetListItemInfo(XDocument numbering, XDocument styles,\n            XElement paragraph)\n        {\n...\n```\nMy paragraph does not have numbering information (numPr), it gets it from the style.\nHowever, the style does not have this numbering information either because it is based on another style that have it.\nIn the function GetListItemInfo mentioned earlier this case is processed by this code:\n```\nif (paragraphStyle != null)\n            {\n                XElement style = styles.Root.Elements(W.style).Where(s =>\n                    (string)s.Attribute(W.type) == \"paragraph\" &&\n                    (string)s.Attribute(W.styleId) == paragraphStyle).FirstOrDefault();\n                if (style != null)\n                {\n                    XElement styleNumberingProperties = style.Elements(W.pPr)\n                        .Elements(W.numPr).FirstOrDefault();\n                    if (styleNumberingProperties != null &&\n                        styleNumberingProperties.Element(W.numId) != null)\n                    {\n                        int numId = (int)styleNumberingProperties.Elements(W.numId)\n                            .Attributes(W.val).FirstOrDefault();\n                        int? ilvl = (int?)styleNumberingProperties.Elements(W.ilvl)\n                            .Attributes(W.val).FirstOrDefault();\n                        if (ilvl == null)\n                            ilvl = 0;\n                        listItemInfo = GetListItemInfoByNumIdAndIlvl(numbering, styles,\n                            numId, (int)ilvl);\n                        paragraph.AddAnnotation(listItemInfo);\n                        return listItemInfo;\n                    }\n                }\n            }\n```\nThis code does not take into account the possibility of the numbering information is located in another style above in the style hierarchy.",
    "LastUpdatedDate": "2014-02-13T22:56:35.12-08:00",
    "PlannedForRelease": "",
    "ReleaseVisibleToPublic": false,
    "Priority": {
      "Name": "Unassigned",
      "Severity": 0,
      "Id": 0
    },
    "ProjectName": "PowerTools",
    "ReportedDate": "2014-01-20T10:29:17.77-08:00",
    "Status": {
      "Name": "Closed",
      "Id": 4
    },
    "ReasonClosed": {
      "Name": "Fixed"
    },
    "Summary": "ListItemRetriever problem",
    "Type": {
      "Name": "Unassigned",
      "Id": 5
    },
    "VoteCount": 1,
    "Id": 11518
  },
  "FileAttachments": [],
  "Comments": [
    {
      "Message": "Anyway, I solved this problem and I did it by changing the code above.\nThe change is: \r\n\r\nBefore:\r\n\r\n```\n if (style != null)\n                {\n                    XElement styleNumberingProperties = style.Elements(W.pPr)\n                        .Elements(W.numPr).FirstOrDefault();\r\n\r\n // Before assuming there is no numbering properties it is necessary to check above in the style hierarchy.\n // to do this the code should be placed here...\r\n\r\n                    if (styleNumberingProperties != null &&\n                        styleNumberingProperties.Element(W.numId) != null)\n                    {\n                        int numId = (int)styleNumberingProperties.Elements(W.numId)\n                            .Attributes(W.val).FirstOrDefault();\n                        int? ilvl = (int?)styleNumberingProperties.Elements(W.ilvl)\n                            .Attributes(W.val).FirstOrDefault();\n                        if (ilvl == null)\n                            ilvl = 0;\n                        listItemInfo = GetListItemInfoByNumIdAndIlvl(numbering, styles,\n                            numId, (int)ilvl);\n                        paragraph.AddAnnotation(listItemInfo);\n                        return listItemInfo;\n                    }\n                }\n```\r\n\r\nafter adding the code:\r\n\r\n```\ni                if (style != null)\n                {\r\n\r\n                    XElement styleNumberingProperties = style.Elements(W.pPr)\n                        .Elements(W.numPr).FirstOrDefault();\r\n\r\n                    // Added - 22.1.2014\n                    if (styleNumberingProperties == null )\n                    {\n                        IEnumerable<XElement> styleChain = StyleChainReverseOrder(styles.Root, paragraphStyle);\n                        foreach (XElement upStyle in styleChain)\n                        {\n                            XElement numPr = upStyle.Elements(W.pPr).Elements(W.numPr).FirstOrDefault();\n                            if (numPr != null)\n                            {\n                                styleNumberingProperties = numPr;\n                                break;\n                            }\n                        }\n                    }\r\n\r\n                    if (styleNumberingProperties != null &&\n                        styleNumberingProperties.Element(W.numId) != null)\n                    {\n                        int numId = (int)styleNumberingProperties.Elements(W.numId)\n                            .Attributes(W.val).FirstOrDefault();\n                        int? ilvl = (int?)styleNumberingProperties.Elements(W.ilvl)\n                            .Attributes(W.val).FirstOrDefault();\n                        if (ilvl == null)\n                            ilvl = 0;\n                        listItemInfo = GetListItemInfoByNumIdAndIlvl(numbering, styles,\n                            numId, (int)ilvl);\n                        paragraph.AddAnnotation(listItemInfo);\n                        return listItemInfo;\n                    }\n                }\n            }\n```\nSome additional methods necessary:\r\n\r\n```\npublic static IEnumerable<XElement> StyleChainReverseOrder(XElement styles, string styleId)\n        {\n            string current = styleId;\n            while (true)\n            {\n                XElement style = styles.Elements(W.style)\n                    .Where(s => (string)s.Attribute(W.styleId) == current).FirstOrDefault();\n                yield return style;\n                // New November, 20th\n                if (style == null)\n                    yield break;\n                current = (string)style.Elements(W.basedOn).Attributes(W.val).FirstOrDefault();\n                if (current == null)\n                    yield break;\n            }\n        }\n```\r\n\r\nThis code was adapted from:\r\n\r\n[http://blogs.msdn.com/b/ericwhite/archive/2009/12/13/implementing-inheritance-in-xml.aspx](http://blogs.msdn.com/b/ericwhite/archive/2009/12/13/implementing-inheritance-in-xml.aspx)\r\n\r\nMay be not the most elegant solution but it works...",
      "PostedDate": "2014-02-09T11:48:29.633-08:00",
      "Id": -2147483648
    },
    {
      "Message": "Hi,\r\n\r\nI'll take a look at this in the next day or two.\r\n\r\nCheers, Eric",
      "PostedDate": "2014-02-09T15:04:31.67-08:00",
      "Id": -2147483648
    },
    {
      "Message": "This is fixed with version PowerTools Core 2.06.03.",
      "PostedDate": "2014-02-13T22:55:52.94-08:00",
      "Id": -2147483648
    },
    {
      "Message": "",
      "PostedDate": "2014-02-13T22:56:35.12-08:00",
      "Id": -2147483648
    }
  ]
}