{
  "WorkItem": {
    "AffectedComponent": {
      "Name": "",
      "DisplayName": ""
    },
    "ClosedComment": "",
    "ClosedDate": null,
    "CommentCount": 0,
    "Custom": null,
    "Description": "After execution of RevisionAccepter, the bookmark with name \"ZaznamekVRow2RunCelici\" is missing.\nThe problem is that element w:bookmarkEnd lies outside of w:p element.\n \nThe problematic document is attached.",
    "LastUpdatedDate": "2013-02-21T16:16:44.213-08:00",
    "PlannedForRelease": "",
    "ReleaseVisibleToPublic": false,
    "Priority": {
      "Name": "Low",
      "Severity": 50,
      "Id": 1
    },
    "ProjectName": "PowerTools",
    "ReportedDate": "2011-01-26T01:00:08.443-08:00",
    "Status": {
      "Name": "Proposed",
      "Id": 1
    },
    "ReasonClosed": {
      "Name": "Unassigned"
    },
    "Summary": "RevisionAccepter miss out bookmarkEnd element which lies outside paragraph element",
    "Type": {
      "Name": "Issue",
      "Id": 3
    },
    "VoteCount": 1,
    "Id": 7985
  },
  "FileAttachments": [
    {
      "FileId": 2531,
      "FileName": "Doc2Problem.docx",
      "DownloadUrl": ".\\2531"
    }
  ],
  "Comments": []
}