{
  "WorkItem": {
    "AffectedComponent": {
      "Name": "",
      "DisplayName": ""
    },
    "ClosedComment": "",
    "ClosedDate": null,
    "CommentCount": 0,
    "Custom": null,
    "Description": "I would suggest to move MatchInfo class from Cmdlets to Classes. \n \nThis is the only dependency for classes in Classes subfolder from classes in Cmdlets subfodler:\nThe MatchInfo class is used in PowerTools 2.2\\Classes\\PowerToolsExtensions.cs \n \nThanks!",
    "LastUpdatedDate": "2013-02-21T16:16:43.13-08:00",
    "PlannedForRelease": "",
    "ReleaseVisibleToPublic": false,
    "Priority": {
      "Name": "Low",
      "Severity": 50,
      "Id": 1
    },
    "ProjectName": "PowerTools",
    "ReportedDate": "2012-01-24T07:47:27.247-08:00",
    "Status": {
      "Name": "Proposed",
      "Id": 1
    },
    "ReasonClosed": {
      "Name": "Unassigned"
    },
    "Summary": "Suggestion: move MatchInfo class from Cmdlets to Classes",
    "Type": {
      "Name": "Issue",
      "Id": 3
    },
    "VoteCount": 1,
    "Id": 9835
  },
  "FileAttachments": [],
  "Comments": [
    {
      "Message": "please mark it as a suggestion. thanks!",
      "PostedDate": "2012-01-24T07:48:55.193-08:00",
      "Id": -2147483648
    },
    {
      "Message": "I meant this class to move - Commands.MatchInfo ",
      "PostedDate": "2012-01-24T07:53:44.95-08:00",
      "Id": -2147483648
    },
    {
      "Message": "",
      "PostedDate": "2013-02-21T16:16:43.13-08:00",
      "Id": -2147483648
    }
  ]
}