{
  "WorkItem": {
    "AffectedComponent": {
      "Name": "",
      "DisplayName": ""
    },
    "ClosedComment": "",
    "ClosedDate": null,
    "CommentCount": 0,
    "Custom": null,
    "Description": "Hi,\n\nPtOpenXmlUtils.PutXDocument method tries to call Part.GetStream with FileMode.Create and FileAccess.Write, regardless of the actual file access the package was opened with.\n\nI tried to open a document from a MemoryStream, without saving it. I used WordProcessingDocument.Open(memoryStream, true); \n\nI got the following exception:\nCannot open package because FileMode or FileAccess value is not valid for the stream.\n\nAfter that I opened the document with isEditable = false. When I tried to convert I got the following exception at PtOpenXmlUtils.PutXDocument:\n\nFileMode/FileAccess for Part.GetStream is not compatible with FileMode/FileAccess used to open the Package.\n\nThe problem seems to be that the following line tries to open the stream with Write access, even if the packages was opened with Read access.\n\npart.GetStream(FileMode.Create, FileAccess.Write)\n\nThanks,\n\nDaniel",
    "LastUpdatedDate": "2014-03-11T08:17:12.47-07:00",
    "PlannedForRelease": "",
    "ReleaseVisibleToPublic": false,
    "Priority": {
      "Name": "Unassigned",
      "Severity": 0,
      "Id": 0
    },
    "ProjectName": "PowerTools",
    "ReportedDate": "2014-03-10T12:00:33.43-07:00",
    "Status": {
      "Name": "Proposed",
      "Id": 1
    },
    "ReasonClosed": {
      "Name": "Unassigned"
    },
    "Summary": "PutXDocument is not in sync with package access mode",
    "Type": {
      "Name": "Unassigned",
      "Id": 5
    },
    "VoteCount": 1,
    "Id": 11616
  },
  "FileAttachments": [],
  "Comments": [
    {
      "Message": "In order to open a document that is in a MemoryStream, you have to create the MemoryStream with the default constructor, and then write a byte array to it.  Otherwise the MemoryStream uses the passed byte array for its backing store with the expectation that the byte array can't be modified, and you can't open the document for writing.  Instead, create the MemoryStream with the default constructor, then write the byte array to the MemoryStream, and then you can open the resulting document for writing, and then you can call PutXDocument.\r\n\r\nTake a look at this MSDN article - does it help explain what is going on?\r\n\r\nCheers, Eric\r\n\r\n",
      "PostedDate": "2014-03-11T08:12:07.163-07:00",
      "Id": -2147483648
    },
    {
      "Message": "Sorry, here is the link to the MSDN article:\r\n\r\nhttp://msdn.microsoft.com/en-us/library/ee945362(v=office.11)\r\n\r\n-Eric",
      "PostedDate": "2014-03-11T08:14:50.19-07:00",
      "Id": -2147483648
    },
    {
      "Message": "Sorry, one more time, here is the link:\r\n\r\nhttp://msdn.microsoft.com/en-us/library/ee945362\r\n\r\n-Eric",
      "PostedDate": "2014-03-11T08:17:12.47-07:00",
      "Id": -2147483648
    }
  ]
}