{
  "WorkItem": {
    "AffectedComponent": {
      "Name": "",
      "DisplayName": ""
    },
    "ClosedComment": "",
    "ClosedDate": null,
    "CommentCount": 0,
    "Custom": null,
    "Description": "I have word document X.docx. I get a list of elements from it and try to insert to another document Y.docx via powertools DocumentBuilder.BuildDocument. In case I apply style to paragraph (X.docx) which contain numbering in StyleDefinitionsPart, after merging I lose all numbering in resulting document. \nDocument.xml\n\n- \n\n- \nWhen is necessary to use … ?\n\n–\nStyle.xml\n\n. . .\n\n- \n\n- \n\n\n\n\n\nIn result I get document where style referring to numId , but there no element w:num with this numId in NumberingPart\n\nDocumentBuilder.BuildDocument\n1) void CopyStartingParts (…)\n{…\n// Note: Do not copy the numbering part. For every source, create new numbering definitions from\n// scratch.\n//NumberingDefinitionsPart numberingPart = sourceDocument.MainDocumentPart.NumberingDefinitionsPart;\n}\nWhy?\n2) CopyNumbering(…)\n{\nforeach (XElement numReference in newContent.DescendantsAndSelf(W.numPr))\nbut it doesn’t take into account the numbering in StyleDefinitionsPart\n}",
    "LastUpdatedDate": "2013-03-08T14:00:09.5-08:00",
    "PlannedForRelease": "",
    "ReleaseVisibleToPublic": false,
    "Priority": {
      "Name": "Low",
      "Severity": 50,
      "Id": 1
    },
    "ProjectName": "PowerTools",
    "ReportedDate": "2012-11-08T06:40:15.767-08:00",
    "Status": {
      "Name": "Proposed",
      "Id": 1
    },
    "ReasonClosed": {
      "Name": "Unassigned"
    },
    "Summary": "Style numbering disappear after merge",
    "Type": {
      "Name": "Issue",
      "Id": 3
    },
    "VoteCount": 3,
    "Id": 10590
  },
  "FileAttachments": [],
  "Comments": [
    {
      "Message": "I am seeing related issue. After merging documents with multilevel numbering applied to heading styles, the numbering.xml file is missing from the new document package - and so is the multilevel numbering...",
      "PostedDate": "2012-12-13T22:42:36.7-08:00",
      "Id": -2147483648
    },
    {
      "Message": "",
      "PostedDate": "2013-02-21T16:16:41.58-08:00",
      "Id": -2147483648
    },
    {
      "Message": "",
      "PostedDate": "2013-02-23T13:17:42.873-08:00",
      "Id": -2147483648
    },
    {
      "Message": " I'm seeing the same issue as dadawley before wrote.  The loss of the multilevel numbering is crucial when applied to heading styles!  I don't know if I have time to look closely at this, but this is very much a setback for my use. ",
      "PostedDate": "2013-02-23T13:21:49.767-08:00",
      "Id": -2147483648
    },
    {
      "Message": "",
      "PostedDate": "2013-03-07T08:42:36.91-08:00",
      "Id": -2147483648
    },
    {
      "Message": "For whatever it is worth, I have found that for my purposes and with the documents I am merging, I needed to re-instate the commented out code at line 1721 or so in DocumentBuilder.cs.  I'm not saying this is a fix for everyone, as there must be a valid reason it was commented out to begin with.  That said, it does appear to fix my problems by re-adding it in.\r\n\r\nWithout it, I am missing the numbering.xml entirely and my styles are no longer 'valid'.  The headings become bullets or nothing at times.  Hope this bit helps.",
      "PostedDate": "2013-03-08T14:00:07.217-08:00",
      "Id": -2147483648
    },
    {
      "Message": "For whatever it is worth, I have found that for my purposes and with the documents I am merging, I needed to re-instate the commented out code at line 1721 or so in DocumentBuilder.cs.  I'm not saying this is a fix for everyone, as there must be a valid reason it was commented out to begin with.  That said, it does appear to fix my problems by re-adding it in.\r\n\r\nWithout it, I am missing the numbering.xml entirely and my styles are no longer 'valid'.  The headings become bullets or nothing at times.  Hope this bit helps.",
      "PostedDate": "2013-03-08T14:00:09.5-08:00",
      "Id": -2147483648
    }
  ]
}