{
  "WorkItem": {
    "AffectedComponent": {
      "Name": "",
      "DisplayName": ""
    },
    "ClosedComment": "",
    "ClosedDate": null,
    "CommentCount": 0,
    "Custom": null,
    "Description": "The following method within the OpenXmlMemoryStreamDocument class does not create a valid \"minimum workbook\" as defined by the Standard ECMA-376:\n```\npublic static OpenXmlMemoryStreamDocument CreateSpreadsheetDocument()\n```\nIf you save a document created by this method, it can't be opened by Excel 2010, which will rather produce an error message.\n\nI'm proposing the following fix to this method to create a valid \"minimum workbook\":\n```\npublic static OpenXmlMemoryStreamDocument CreateSpreadsheetDocument()\n{\n    MemoryStream stream = new MemoryStream();\n    using (SpreadsheetDocument doc = SpreadsheetDocument.Create(stream,\n        DocumentFormat.OpenXml.SpreadsheetDocumentType.Workbook))\n    {\n        doc.AddWorkbookPart();\n        XNamespace ns = \"http://schemas.openxmlformats.org/spreadsheetml/2006/main\";\n        XNamespace relationshipsns =\n            \"http://schemas.openxmlformats.org/officeDocument/2006/relationships\";\n\n        // Start of fix proposed by Thomas Barnekow.\n        // Define our own relationship ID.\n        string id = \"rId1\";\n\n        // Create a WorkbookPart with a workbook root element containing\n        // one sheet reference. A sheet reference is required for a \n        // \"minimum workbook\" as defined by the Standard ECMA-376.\n        doc.WorkbookPart.PutXDocument(new XDocument(\n            new XElement(ns + \"workbook\",\n                new XAttribute(\"xmlns\", ns),\n                new XAttribute(XNamespace.Xmlns + \"r\", relationshipsns),\n                new XElement(ns + \"sheets\",\n                    new XElement(ns + \"sheet\",\n                        new XAttribute(\"name\", \"Sheet1\"),\n                        new XAttribute(\"sheetId\", \"1\"),\n                        new XAttribute(relationshipsns + \"id\", id))))));\n\n        // We also have to create a WorksheetPart with basic worksheet root element\n        // containing an empty sheetData child. Just the WorkbookPart with a workbook\n        // root element that does not contain any sheet reference does not work.\n        // A document like that can't be opened with Excel. \n        WorksheetPart worksheetPart = doc.WorkbookPart.AddNewPart<WorksheetPart>(id);\n        worksheetPart.PutXDocument(new XDocument(\n            new XElement(ns + \"worksheet\",\n                new XAttribute(\"xmlns\", ns),\n                new XAttribute(XNamespace.Xmlns + \"r\", relationshipsns),\n                new XElement(ns + \"sheetData\"))));\n        // End of fix.\n\n        doc.Close();\n        return new OpenXmlMemoryStreamDocument(stream);\n    }\n}\n```\nI'm also publishing this and other fixes as part of my [Open XML Extensions project](https://ooxmlextensions.codeplex.com) on CodePlex. \n\nRegards, Thomas",
    "LastUpdatedDate": "2014-08-18T04:17:14.003-07:00",
    "PlannedForRelease": "",
    "ReleaseVisibleToPublic": false,
    "Priority": {
      "Name": "Unassigned",
      "Severity": 0,
      "Id": 0
    },
    "ProjectName": "PowerTools",
    "ReportedDate": "2014-08-18T04:17:14.003-07:00",
    "Status": {
      "Name": "Proposed",
      "Id": 1
    },
    "ReasonClosed": {
      "Name": "Unassigned"
    },
    "Summary": "OpenXmlMemoryStreamDocument does not create valid SpreadsheetDocument",
    "Type": {
      "Name": "Unassigned",
      "Id": 5
    },
    "VoteCount": 1,
    "Id": 11830
  },
  "FileAttachments": [],
  "Comments": []
}