{
  "WorkItem": {
    "AffectedComponent": {
      "Name": "",
      "DisplayName": ""
    },
    "ClosedComment": "",
    "ClosedDate": null,
    "CommentCount": 0,
    "Custom": null,
    "Description": "If I launch Word 2013, create a new document, type \"Test\", save it as type \"strict OpenXml\", and then try to convert it with a call to HtmlConverterHelper.ConvertToHtml(), I get a NullReferenceException. It's coming from this code:\n\n```\n        private static void AnnotateForSections(WordprocessingDocument wordDoc)\n        {\n            var xd = wordDoc.MainDocumentPart.GetXDocument();\n\n            // move last sectPr into last paragraph\n            var lastSectPr = xd.Root.Element(W.body).Elements(W.sectPr).LastOrDefault();\n            if (lastSectPr != null)\n            {\n```\n\nIt looks like xd.Root.Element(W.body) is coming back null. Should this work? I changed it to just bypass this if it's null, but then I hit an exception elsewhere.\n\nThis is with 3.1.07, which I just downloaded.",
    "LastUpdatedDate": "2015-04-13T14:09:45.777-07:00",
    "PlannedForRelease": "",
    "ReleaseVisibleToPublic": false,
    "Priority": {
      "Name": "Unassigned",
      "Severity": 0,
      "Id": 0
    },
    "ProjectName": "PowerTools",
    "ReportedDate": "2015-04-13T14:09:45.777-07:00",
    "Status": {
      "Name": "Proposed",
      "Id": 1
    },
    "ReasonClosed": {
      "Name": "Unassigned"
    },
    "Summary": "NullReferenceException in AnnotateForSections",
    "Type": {
      "Name": "Unassigned",
      "Id": 5
    },
    "VoteCount": 1,
    "Id": 12078
  },
  "FileAttachments": [],
  "Comments": []
}