{
  "WorkItem": {
    "AffectedComponent": {
      "Name": "",
      "DisplayName": ""
    },
    "ClosedComment": "",
    "ClosedDate": null,
    "CommentCount": 0,
    "Custom": null,
    "Description": "The Add-OpenXmlDigitalSignature cmdlet accept only non password protected certificates. We need to provide a way to specify a password to use real world X509 certificates. When using a password protected certificate, the cmdlet displays a message telling that it didn't find the pasword ...",
    "LastUpdatedDate": "2013-02-21T16:16:46.23-08:00",
    "PlannedForRelease": "",
    "ReleaseVisibleToPublic": false,
    "Priority": {
      "Name": "Low",
      "Severity": 50,
      "Id": 1
    },
    "ProjectName": "PowerTools",
    "ReportedDate": "2008-07-15T09:01:54.163-07:00",
    "Status": {
      "Name": "Proposed",
      "Id": 1
    },
    "ReasonClosed": {
      "Name": "Unassigned"
    },
    "Summary": "Private key password needed",
    "Type": {
      "Name": "Task",
      "Id": 2
    },
    "VoteCount": 1,
    "Id": 1696
  },
  "FileAttachments": [],
  "Comments": []
}