{
  "WorkItem": {
    "AffectedComponent": {
      "Name": "",
      "DisplayName": ""
    },
    "ClosedComment": "",
    "ClosedDate": null,
    "CommentCount": 0,
    "Custom": null,
    "Description": "hello,\n On Accept Revision with Latest OpenXmlPowerTools Table Width Changes, and due to this Content from Next Page 4 gets shifted to  Page 3\n\nhow i can Solve this Problem....",
    "LastUpdatedDate": "2016-04-27T21:42:45.65-07:00",
    "PlannedForRelease": "",
    "ReleaseVisibleToPublic": false,
    "Priority": {
      "Name": "Unassigned",
      "Severity": 0,
      "Id": 0
    },
    "ProjectName": "PowerTools",
    "ReportedDate": "2016-04-27T21:42:45.65-07:00",
    "Status": {
      "Name": "Proposed",
      "Id": 1
    },
    "ReasonClosed": {
      "Name": "Unassigned"
    },
    "Summary": "After Accept Revision Table Width Changes",
    "Type": {
      "Name": "Unassigned",
      "Id": 5
    },
    "VoteCount": 1,
    "Id": 12381
  },
  "FileAttachments": [],
  "Comments": []
}