{
  "WorkItem": {
    "AffectedComponent": {
      "Name": "",
      "DisplayName": ""
    },
    "ClosedComment": "",
    "ClosedDate": null,
    "CommentCount": 0,
    "Custom": null,
    "Description": "In HtmlConverter.cs you might get an FormatException error message at the following lines within ConvertToHtmlTransform(), s. also attachments:\n\n1. \n...\nvar tabWidth = (decimal)tabWidthAtt; //<------ Error here\n...\n\n2. \n...\nvar tabWidth = (decimal?)element.Attribute(PtOpenXml.TabWidth); //<------ Error here\n...\n\nIt happens because of the casting of the Attribute object to decimal. This should be changed to:\n\n1. var tabWidth = Convert.ToDecimal(tabWidthAtt.Value);\n\n2. \nif (element.Attribute(PtOpenXml.TabWidth) != null)\n{\n   decimal tabWidth;\n   Decimal.TryParse(element.Attribute(PtOpenXml.TabWidth).Value, out tabWidth);\n   ...\n}\n{...}",
    "LastUpdatedDate": "2015-07-21T01:39:06.56-07:00",
    "PlannedForRelease": "",
    "ReleaseVisibleToPublic": false,
    "Priority": {
      "Name": "Unassigned",
      "Severity": 0,
      "Id": 0
    },
    "ProjectName": "PowerTools",
    "ReportedDate": "2015-06-24T06:03:27.363-07:00",
    "Status": {
      "Name": "Proposed",
      "Id": 1
    },
    "ReasonClosed": {
      "Name": "Unassigned"
    },
    "Summary": "FormatException Error in HtmlConverter.cs",
    "Type": {
      "Name": "Unassigned",
      "Id": 5
    },
    "VoteCount": 2,
    "Id": 12131
  },
  "FileAttachments": [
    {
      "FileId": 3997,
      "FileName": "decimal_error.JPG",
      "DownloadUrl": ".\\3997"
    }
  ],
  "Comments": []
}