{
  "WorkItem": {
    "AffectedComponent": {
      "Name": "",
      "DisplayName": ""
    },
    "ClosedComment": "",
    "ClosedDate": null,
    "CommentCount": 0,
    "Custom": null,
    "Description": "This parameter would cause the existing table or index to be updated by the cmdlet, rather than another one being created. Currently, if this is executed twice for the same document, it will create two tables or indexes.",
    "LastUpdatedDate": "2013-02-21T16:16:45.593-08:00",
    "PlannedForRelease": "",
    "ReleaseVisibleToPublic": false,
    "Priority": {
      "Name": "Low",
      "Severity": 50,
      "Id": 1
    },
    "ProjectName": "PowerTools",
    "ReportedDate": "2008-11-22T13:48:46.91-08:00",
    "Status": {
      "Name": "Proposed",
      "Id": 1
    },
    "ReasonClosed": {
      "Name": "Unassigned"
    },
    "Summary": "Add a parameter to Add-OpenXmlDocumentIndex/TOA/TOC/TOF to update only",
    "Type": {
      "Name": "Issue",
      "Id": 3
    },
    "VoteCount": 1,
    "Id": 2685
  },
  "FileAttachments": [],
  "Comments": []
}