{
  "WorkItem": {
    "AffectedComponent": {
      "Name": "",
      "DisplayName": ""
    },
    "ClosedComment": "",
    "ClosedDate": null,
    "CommentCount": 0,
    "Custom": null,
    "Description": "I am new to Powershell for Open XML. I just downloaded the above change set and tried to compile. Getting below error:\n \nError\t1\tThe type 'DocumentFormat.OpenXml.Packaging.CustomXmlPart' cannot be used as type parameter 'T' in the generic type or method 'DocumentFormat.OpenXml.Packaging.OpenXmlPartContainer.AddNewPart<T>()'. There is no implicit reference conversion from 'DocumentFormat.OpenXml.Packaging.CustomXmlPart' to 'DocumentFormat.OpenXml.Packaging.IFixedContentTypePart'.\tE:\\VB.NET\\OpenXML\\OpenXml Power Tools\\Classes\\DocumentBuilder.cs\t956\t45\tOpenXml Power Tools\n \nError\t2\tThe type 'DocumentFormat.OpenXml.Packaging.CustomXmlPart' cannot be used as type parameter 'T' in the generic type or method 'DocumentFormat.OpenXml.Packaging.OpenXmlPartContainer.AddNewPart<T>()'. There is no implicit reference conversion from 'DocumentFormat.OpenXml.Packaging.CustomXmlPart' to 'DocumentFormat.OpenXml.Packaging.IFixedContentTypePart'.\tE:\\VB.NET\\OpenXML\\OpenXml Power Tools\\Classes\\CustomXmlAccessor.cs\t63\t33\tOpenXml Power Tools",
    "LastUpdatedDate": "2013-02-21T16:16:43.567-08:00",
    "PlannedForRelease": "",
    "ReleaseVisibleToPublic": false,
    "Priority": {
      "Name": "Low",
      "Severity": 50,
      "Id": 1
    },
    "ProjectName": "PowerTools",
    "ReportedDate": "2011-06-22T02:23:32.313-07:00",
    "Status": {
      "Name": "Proposed",
      "Id": 1
    },
    "ReasonClosed": {
      "Name": "Unassigned"
    },
    "Summary": "Compile Error in Change Set 23126 Download",
    "Type": {
      "Name": "Issue",
      "Id": 3
    },
    "VoteCount": 2,
    "Id": 8837
  },
  "FileAttachments": [],
  "Comments": [
    {
      "Message": "Got the answer from http://powertools.codeplex.com/workitem/5057",
      "PostedDate": "2011-06-22T04:28:34.57-07:00",
      "Id": -2147483648
    },
    {
      "Message": "Slight bend, the link didn't work for me, I had to use Search to lookup the work item 5057",
      "PostedDate": "2011-09-01T15:27:29.743-07:00",
      "Id": -2147483648
    },
    {
      "Message": "",
      "PostedDate": "2011-09-01T15:27:45.45-07:00",
      "Id": -2147483648
    },
    {
      "Message": "",
      "PostedDate": "2013-02-21T16:16:43.567-08:00",
      "Id": -2147483648
    }
  ]
}