{
  "WorkItem": {
    "AffectedComponent": {
      "Name": "",
      "DisplayName": ""
    },
    "ClosedComment": "updated OxPt.psm1 to check for version",
    "ClosedDate": "2014-12-05T22:18:35.47-08:00",
    "CommentCount": 0,
    "Custom": null,
    "Description": "Hi All, I'm trying to some basic tests running OpenXML 3.1.02 but am getting the dll errors shown in the attached image. I've tried both 32 and 64 bit versions as admin but get the same errors. Any help would be appreciated.",
    "LastUpdatedDate": "2014-12-05T22:18:35.47-08:00",
    "PlannedForRelease": "",
    "ReleaseVisibleToPublic": false,
    "Priority": {
      "Name": "Unassigned",
      "Severity": 0,
      "Id": 0
    },
    "ProjectName": "PowerTools",
    "ReportedDate": "2014-12-05T09:18:40.17-08:00",
    "Status": {
      "Name": "Closed",
      "Id": 4
    },
    "ReasonClosed": {
      "Name": "Fixed"
    },
    "Summary": "Powershell Exceptions Missing dll",
    "Type": {
      "Name": "Unassigned",
      "Id": 5
    },
    "VoteCount": 1,
    "Id": 11935
  },
  "FileAttachments": [
    {
      "FileId": 3928,
      "FileName": "PowreShellException.png",
      "DownloadUrl": ".\\3928"
    }
  ],
  "Comments": [
    {
      "Message": "Hi,\r\n\r\nWhat version of windows are you running?  32 bit?  64 bit?\r\n\r\nHave you installed the Open XML SDK?\r\n\r\nHave you watched the installation video?\r\n\r\nhttp://openxmldeveloper.org/blog/b/openxmldeveloper/archive/2014/11/17/screen-cast-new-and-improved-installation-of-powertools-for-open-xml.aspx\r\n\r\nCheers, Eric",
      "PostedDate": "2014-12-05T10:45:48.21-08:00",
      "Id": -2147483648
    },
    {
      "Message": "Hi Eric...\r\n\r\n64 Bit Win 7\r\n\r\nOpenXMLSDKV25.msi\r\n\r\nI have watched the video... Did something wrong. I'll post when I figure it out. ty\r\n\r\n",
      "PostedDate": "2014-12-05T13:25:09.417-08:00",
      "Id": -2147483648
    },
    {
      "Message": "Solved - I was using PowerShell 2.0. Upgraded to 3.0 and all works fine. Thank you.",
      "PostedDate": "2014-12-05T16:50:10.58-08:00",
      "Id": -2147483648
    },
    {
      "Message": "Thanks - I have updated the installation instructions, also added a check to OxPt.psm1 for the version.  This will be in the next version that I post.",
      "PostedDate": "2014-12-05T22:17:23.96-08:00",
      "Id": -2147483648
    },
    {
      "Message": "",
      "PostedDate": "2014-12-05T22:18:35.47-08:00",
      "Id": -2147483648
    }
  ]
}