{
  "WorkItem": {
    "AffectedComponent": {
      "Name": "",
      "DisplayName": ""
    },
    "ClosedComment": "",
    "ClosedDate": null,
    "CommentCount": 0,
    "Custom": null,
    "Description": "Heya\n\nIf you have a document containing a chart which uses a theme override, that override is lost when using the DocumentBuilder.\n\nI attached a simple example document. It's body only consists of a chart, the chart links to an embedded worksheet and to themeOverride1.xml. You can get this setup by simply copying an excel chart with a custom theme and then paste it in word with the options Embed Worksheet & Keep Source Formatting.\n\nIf you use the DocumentBuilder with this file (just this one file and nothing else is enough to reproduce the behaviour), the relationship to themeOverride1.xml as well as the XML itself is not included in the resulting document. In this example the colors of the chart will look much paler. If you select \"Edit Data\" on the chart, you'll see that the embedded chart is still using the more vibrant colors.\n\nThis issue existed in 2.2.5 and still exists in 2.7.04",
    "LastUpdatedDate": "2014-09-08T10:05:16.233-07:00",
    "PlannedForRelease": "",
    "ReleaseVisibleToPublic": false,
    "Priority": {
      "Name": "Unassigned",
      "Severity": 0,
      "Id": 0
    },
    "ProjectName": "PowerTools",
    "ReportedDate": "2014-07-22T05:45:52.667-07:00",
    "Status": {
      "Name": "Proposed",
      "Id": 1
    },
    "ReasonClosed": {
      "Name": "Unassigned"
    },
    "Summary": "DocumentBuilder doesn't copy theme overrides",
    "Type": {
      "Name": "Unassigned",
      "Id": 5
    },
    "VoteCount": 2,
    "Id": 11791
  },
  "FileAttachments": [
    {
      "FileId": 3871,
      "FileName": "doc_with_chart.docx",
      "DownloadUrl": ".\\3871"
    }
  ],
  "Comments": [
    {
      "Message": "i solved this issue by myself with the following addition in DocumentBuilder.CopyRelatedPartsForContentParts in the foreach (XElement chartReference in newContent.DescendantsAndSelf(C.chart)) loop (line 1537)\r\n\r\n```\nif (oldPart.ThemeOverridePart != null)\n{\n  ThemeOverridePart oldThemeOverridePart = oldPart.ThemeOverridePart;\n  XDocument oldTheme = oldThemeOverridePart.GetXDocument();\n  ThemeOverridePart newThemeOverridePart = newPart.AddNewPart<ThemeOverridePart>();\n  XDocument newTheme = newThemeOverridePart.GetXDocument();\n  newTheme.Add(oldTheme.Root);\n  CopyRelatedPartsForContentParts(oldThemeOverridePart, newThemeOverridePart, new[] { newTheme.Root }, images);\n}\n```\r\n\r\nmaybe the call to CopyRelatedPartsForContentParts is unnecessary, i don't know if a theme can link to other parts\r\n\r\nit would be nice if this were included in the next release",
      "PostedDate": "2014-08-11T06:43:18.28-07:00",
      "Id": -2147483648
    },
    {
      "Message": "",
      "PostedDate": "2014-09-08T10:05:16.233-07:00",
      "Id": -2147483648
    }
  ]
}