{
  "WorkItem": {
    "AffectedComponent": {
      "Name": "",
      "DisplayName": ""
    },
    "ClosedComment": "resolved",
    "ClosedDate": "2015-02-03T14:40:13.65-08:00",
    "CommentCount": 0,
    "Custom": null,
    "Description": "Just found Powertools and tried to use them with powershell. Unzipped , and tried to convert a docx to html but it cannot find the dll I guess and gives me this error.\n\nUnable to find type [OpenXmlPowerTools.HtmlConverterHelper]. Make sure that the assembly that contains this type is loaded.",
    "LastUpdatedDate": "2015-02-03T14:40:13.65-08:00",
    "PlannedForRelease": "",
    "ReleaseVisibleToPublic": false,
    "Priority": {
      "Name": "Unassigned",
      "Severity": 0,
      "Id": 0
    },
    "ProjectName": "PowerTools",
    "ReportedDate": "2015-02-03T04:16:05.64-08:00",
    "Status": {
      "Name": "Closed",
      "Id": 4
    },
    "ReasonClosed": {
      "Name": "Unassigned"
    },
    "Summary": "Unable to find type [OpenXmlPowerTools.HtmlConverterHelper]. Make sure that the assembly that contains this type is loaded.",
    "Type": {
      "Name": "Unassigned",
      "Id": 5
    },
    "VoteCount": 1,
    "Id": 12003
  },
  "FileAttachments": [],
  "Comments": [
    {
      "Message": "Removed everything and started all from scratch. It now seems to be working properly. Please close this issue.",
      "PostedDate": "2015-02-03T06:51:54.53-08:00",
      "Id": -2147483648
    },
    {
      "Message": "",
      "PostedDate": "2015-02-03T14:40:13.65-08:00",
      "Id": -2147483648
    }
  ]
}