{
  "WorkItem": {
    "AffectedComponent": {
      "Name": "",
      "DisplayName": ""
    },
    "ClosedComment": "",
    "ClosedDate": null,
    "CommentCount": 0,
    "Custom": null,
    "Description": "MarkupSimplifier settings allow to specify both RemoveSmartTags and RemoveContentControls indenpendantly. However, the code in RemoveCustomXmlAndContentControlsTransform() -- which is called if any of the two settings is true -- always removes both SmartTags ánd ContentControls.\nBy the way terminology, is a bit misleading. The WordprocessingML Reference mentions three ways for Custom Markup. \"Custom XML\", \"Smart Tags\", and \"Structured Document Tags\" (i.e., content controls).\nRemoveCustomXmlAndContentControlsTransform() is nót removing the \"Custom XML\" markup, but it is removing  \"Smart Tags\" ánd \"Structured Document Tags\".\nThat is a pity, considering that Structured Document Tags are meant to replace \"Custom XML\" (the 2007 way to do 2003 custom xml) and \"Smart Tags\".\nIt appears to me that it would be most appropriate to have three independent MarkupSimplifier settings:\nRemoveCustomXML, RemoveSmartTags, RemoveContentControls\n\nRelated: it is a bit puzzling what the meaning is of\n// Need to do this first to enable simplifying hyperlinks.\nin SimplifyMarkup(). It appears to suggest that there is no way to keep content controls?",
    "LastUpdatedDate": "2015-05-25T06:51:43.12-07:00",
    "PlannedForRelease": "",
    "ReleaseVisibleToPublic": false,
    "Priority": {
      "Name": "Unassigned",
      "Severity": 0,
      "Id": 0
    },
    "ProjectName": "PowerTools",
    "ReportedDate": "2015-05-25T06:51:43.12-07:00",
    "Status": {
      "Name": "Proposed",
      "Id": 1
    },
    "ReasonClosed": {
      "Name": "Unassigned"
    },
    "Summary": "RemoveSmartTags and RemoveContentControls are not independent",
    "Type": {
      "Name": "Unassigned",
      "Id": 5
    },
    "VoteCount": 1,
    "Id": 12113
  },
  "FileAttachments": [],
  "Comments": []
}