{
  "WorkItem": {
    "AffectedComponent": {
      "Name": "",
      "DisplayName": ""
    },
    "ClosedComment": "",
    "ClosedDate": null,
    "CommentCount": 0,
    "Custom": null,
    "Description": "This cmdlet will get a range of paragraphs from an existing document and output a new document with just that range of paragraphs. The code supporting this cmdlet will need to deal with ranges and references within those paragraphs. For example, comments and bookmarks can cross paragraph boundries, so these \"ranges\" need to be fixed if only part of the range is extracted from the document. Paragraphs may contain many external references (e.g. images, styles, and footnotes). These referenced objects must be copied to the new document with the paragraphs.",
    "LastUpdatedDate": "2017-11-27T19:12:21.663-08:00",
    "PlannedForRelease": "",
    "ReleaseVisibleToPublic": false,
    "Priority": {
      "Name": "Low",
      "Severity": 50,
      "Id": 1
    },
    "ProjectName": "PowerTools",
    "ReportedDate": "2008-11-22T14:19:26.493-08:00",
    "Status": {
      "Name": "Active",
      "Id": 2
    },
    "ReasonClosed": {
      "Name": "Unassigned"
    },
    "Summary": "Create a cmdlet to extract paragraphs from a document",
    "Type": {
      "Name": "Issue",
      "Id": 3
    },
    "VoteCount": 1,
    "Id": 2687
  },
  "FileAttachments": [],
  "Comments": []
}