{
  "WorkItem": {
    "AffectedComponent": {
      "Name": "",
      "DisplayName": ""
    },
    "ClosedComment": "",
    "ClosedDate": null,
    "CommentCount": 0,
    "Custom": null,
    "Description": "The current test suite has a separate document for each test script. Also, the documents are too simple to really test the capabilities of the cmdlets.\n \nCreate a few documents that are larger and more complex along with test scripts that use those documents. The resulting tests should more thoroughly test the cmdlet's functionality. Scripts could also test multiple variations of a cmdlet instead of having each variation in a separate script.",
    "LastUpdatedDate": "2013-02-21T16:16:45.367-08:00",
    "PlannedForRelease": "",
    "ReleaseVisibleToPublic": false,
    "Priority": {
      "Name": "Low",
      "Severity": 50,
      "Id": 1
    },
    "ProjectName": "PowerTools",
    "ReportedDate": "2008-11-22T13:59:23.877-08:00",
    "Status": {
      "Name": "Proposed",
      "Id": 1
    },
    "ReasonClosed": {
      "Name": "Unassigned"
    },
    "Summary": "Create an improved, more efficient, test suite",
    "Type": {
      "Name": "Issue",
      "Id": 3
    },
    "VoteCount": 1,
    "Id": 2686
  },
  "FileAttachments": [],
  "Comments": []
}