{
  "WorkItem": {
    "AffectedComponent": {
      "Name": "",
      "DisplayName": ""
    },
    "ClosedComment": "",
    "ClosedDate": null,
    "CommentCount": 0,
    "Custom": null,
    "Description": "The MarkupSimplifier does not seem to handle the attached document.",
    "LastUpdatedDate": "2013-07-23T21:06:39.3-07:00",
    "PlannedForRelease": "",
    "ReleaseVisibleToPublic": false,
    "Priority": {
      "Name": "Unassigned",
      "Severity": 0,
      "Id": 0
    },
    "ProjectName": "PowerTools",
    "ReportedDate": "2013-07-23T12:56:32.52-07:00",
    "Status": {
      "Name": "Proposed",
      "Id": 1
    },
    "ReasonClosed": {
      "Name": "Unassigned"
    },
    "Summary": "MarkupSimplifier not handling TextBox content",
    "Type": {
      "Name": "Unassigned",
      "Id": 5
    },
    "VoteCount": 1,
    "Id": 11168
  },
  "FileAttachments": [
    {
      "FileId": 3665,
      "FileName": "sample.docx",
      "DownloadUrl": ".\\3665"
    }
  ],
  "Comments": [
    {
      "Message": "I'll take a look.\r\n\r\nCheers,",
      "PostedDate": "2013-07-23T21:06:39.3-07:00",
      "Id": -2147483648
    }
  ]
}