{
  "WorkItem": {
    "AffectedComponent": {
      "Name": "",
      "DisplayName": ""
    },
    "ClosedComment": "",
    "ClosedDate": null,
    "CommentCount": 0,
    "Custom": null,
    "Description": "Hi\n \nI'am using DocumentBuilder.BuildDocument (source code in a Visual Studio Project) to merge two word docs, the code is very simple:\n \nstring[] arr = new string[2];\n            arr[0] = @\"D:\\pgoverno\\PFF11.docx\";\n            arr[1] = @\"D:\\pgoverno\\PFF12.docx\";\n \n            List<Source> docList = new List<Source>();\n            WmlDocument doc;\n            foreach (string docName in arr)\n            {\n                doc = new WmlDocument(docName);\n                docList.Add(new Source(doc, false));\n            }\n \n            WmlDocument docResultado = DocumentBuilder.BuildDocument(docList);\n \nBut, a InvalidOperationException occurs  (Sequence contains no elements) .\nThe StackTrace is this:\n \nat System.Linq.Enumerable.First[TSource](IEnumerable`1 source)\n       at OpenXmlPowerTools.DocumentBuilder.MergeStyles(WordprocessingDocument sourceDocument, WordprocessingDocument newDocument, XDocument fromStyles, XDocument toStyles) in D:\\OpenXmlPowerTools\\OpenXmlPowerTools\\DocumentBuilder.cs:line 558\n       at OpenXmlPowerTools.DocumentBuilder.CopyStylesAndFonts(WordprocessingDocument sourceDocument, WordprocessingDocument newDocument, IEnumerable`1 newContent) in D:\\OpenXmlPowerTools\\OpenXmlPowerTools\\DocumentBuilder.cs:line 676\n       at OpenXmlPowerTools.DocumentBuilder.AppendDocument(WordprocessingDocument sourceDocument, WordprocessingDocument newDocument, List`1 newContent, Boolean keepSection, String insertId, List`1 images) in D:\\OpenXmlPowerTools\\OpenXmlPowerTools\\DocumentBuilder.cs:line 881\n       at OpenXmlPowerTools.DocumentBuilder.BuildDocument(List`1 sources, WordprocessingDocument output) in D:\\OpenXmlPowerTools\\OpenXmlPowerTools\\DocumentBuilder.cs:line 334\n       at OpenXmlPowerTools.DocumentBuilder.BuildDocument(List`1 sources) in D:\\OpenXmlPowerTools\\OpenXmlPowerTools\\DocumentBuilder.cs:line 114\n       at DocumentBuilderExample.DocumentBuilderExample.Main(String[] args) in D:\\OpenXmlPowerTools\\ExampleDocumentBuilder01\\ExampleDocumentBuilder01.cs:line 79\n \nAny idea?\n \nI have attached a zip with both files.\n \nThanks\n \nDesbaratizador",
    "LastUpdatedDate": "2013-02-21T16:16:42.733-08:00",
    "PlannedForRelease": "",
    "ReleaseVisibleToPublic": false,
    "Priority": {
      "Name": "Low",
      "Severity": 50,
      "Id": 1
    },
    "ProjectName": "PowerTools",
    "ReportedDate": "2012-03-23T09:31:59.283-07:00",
    "Status": {
      "Name": "Proposed",
      "Id": 1
    },
    "ReasonClosed": {
      "Name": "Unassigned"
    },
    "Summary": "InvalidOperationException (Sequence contains no elements) at DocumentBuilder.MergeStyles",
    "Type": {
      "Name": "Issue",
      "Id": 3
    },
    "VoteCount": 1,
    "Id": 10065
  },
  "FileAttachments": [
    {
      "FileId": 3293,
      "FileName": "DOCX_Files_Erro_Fusao.zip",
      "DownloadUrl": ".\\3293"
    }
  ],
  "Comments": [
    {
      "Message": "Now, with the files?",
      "PostedDate": "2012-03-23T09:36:06.32-07:00",
      "Id": -2147483648
    },
    {
      "Message": "",
      "PostedDate": "2012-03-23T09:36:11.05-07:00",
      "Id": -2147483648
    },
    {
      "Message": "",
      "PostedDate": "2013-02-21T16:16:42.733-08:00",
      "Id": -2147483648
    }
  ]
}