{
  "WorkItem": {
    "AffectedComponent": {
      "Name": "",
      "DisplayName": ""
    },
    "ClosedComment": "",
    "ClosedDate": null,
    "CommentCount": 0,
    "Custom": null,
    "Description": "Hi,\n\nI am using this library to merge large numbers of genereted documents together. Sometimes these documents contain Picutres that repeat in every document. The library is supposed to reuse these images. This only works in the body, not in Header or Footers. \nTo solve this i have implemented a fix in die DocumentBuilder.cs File, for anyone who is having the same Problem. Maybe one of the developers can copy this fix into the sourccode...\n\nI changed the Method ManageImageCopy to this:\n\n```\n // General function for handling images that tries to use an existing image if they are the same\n        private static ImageData ManageImageCopy(ImagePart oldImage, OpenXmlPart newContentPart, List<ImageData> images)\n        {\n            ImageData oldImageData = new ImageData(oldImage);\n            foreach (ImageData item in images)\n            {\n                __if (newContentPart.GetType() != typeof(MainDocumentPart) && newContentPart.GetType() != typeof(HeaderPart) && newContentPart.GetType() != typeof(FooterPart) && newContentPart != item.ImagePart)__\n                    continue;\n                if (item.Compare(oldImageData))\n                    return item;\n            }\n            images.Add(oldImageData);\n            return oldImageData;\n        }\n```\n\nAnd fixed the Function CopyRelatedImage:\n\n```\n  private static void CopyRelatedImage(OpenXmlPart oldContentPart, OpenXmlPart newContentPart, XElement imageReference, XName attributeName,\n            List<ImageData> images)\n        {\n            string relId = (string)imageReference.Attribute(attributeName);\n\n            if (string.IsNullOrEmpty(relId))\n                return;\n\n            // First look to see if this relId has already been added to the new document.\n            // This is necessary for those parts that get processed with both old and new ids, such as the comments\n            // part.  This is not necessary for parts such as the main document part, but this code won't malfunction\n            // in that case.\n            var tempPartIdPair5 = newContentPart.Parts.FirstOrDefault(p => p.RelationshipId == relId);\n            if (tempPartIdPair5 != null)\n                return;\n\n            ExternalRelationship tempEr5 = newContentPart.ExternalRelationships.FirstOrDefault(er => er.Id == relId);\n            if (tempEr5 != null)\n                return;\n\n            var ipp2 = oldContentPart.Parts.FirstOrDefault(ipp => ipp.RelationshipId == relId);\n\n            if (ipp2 != null)\n            {\n                ImagePart oldPart = (ImagePart)ipp2.OpenXmlPart;\n                ImageData temp = ManageImageCopy(oldPart, newContentPart, images);\n\n                if (temp.ImagePart == null)\n                {\n                    ImagePart newPart = null;\n                    if (newContentPart is MainDocumentPart)\n                        newPart = ((MainDocumentPart)newContentPart).AddImagePart(oldPart.ContentType);\n                    if (newContentPart is HeaderPart)\n                        newPart = ((HeaderPart)newContentPart).AddImagePart(oldPart.ContentType);\n                    if (newContentPart is FooterPart)\n                        newPart = ((FooterPart)newContentPart).AddImagePart(oldPart.ContentType);\n                    if (newContentPart is EndnotesPart)\n                        newPart = ((EndnotesPart)newContentPart).AddImagePart(oldPart.ContentType);\n                    if (newContentPart is FootnotesPart)\n                        newPart = ((FootnotesPart)newContentPart).AddImagePart(oldPart.ContentType);\n                    if (newContentPart is ThemePart)\n                        newPart = ((ThemePart)newContentPart).AddImagePart(oldPart.ContentType);\n                    if (newContentPart is WordprocessingCommentsPart)\n                        newPart = ((WordprocessingCommentsPart)newContentPart).AddImagePart(oldPart.ContentType);\n                    if (newContentPart is DocumentSettingsPart)\n                        newPart = ((DocumentSettingsPart)newContentPart).AddImagePart(oldPart.ContentType);\n                    if (newContentPart is ChartPart)\n                        newPart = ((ChartPart)newContentPart).AddImagePart(oldPart.ContentType);\n                    if (newContentPart is NumberingDefinitionsPart)\n                        newPart = ((NumberingDefinitionsPart)newContentPart).AddImagePart(oldPart.ContentType);\n                    if (newContentPart is DiagramDataPart)\n                        newPart = ((DiagramDataPart)newContentPart).AddImagePart(oldPart.ContentType);\n                    if (newContentPart is ChartDrawingPart)\n                        newPart = ((ChartDrawingPart)newContentPart).AddImagePart(oldPart.ContentType);\n                    temp.ImagePart = newPart;\n                    var id = newContentPart.GetIdOfPart(newPart);\n                    temp.AddContentPartRelTypeResourceIdTupple(newContentPart, newPart.RelationshipType, id);\n                    imageReference.Attribute(attributeName).Value = id;\n                    temp.WriteImage(newPart);\n                }\n                else\n                {\n                    var refRel = newContentPart.Parts.FirstOrDefault(pip =>\n                    {\n                        var rel = temp.ContentPartRelTypeIdList.FirstOrDefault(cpr =>\n                        {\n                            var found = cpr.ContentPart == newContentPart;\n                            return found;\n                        });\n\n                        return rel != null;\n                    });\n\n                    if (refRel != null)\n                    {\n                        imageReference.Attribute(attributeName).Value = temp.ContentPartRelTypeIdList.First(cpr =>\n                        {\n                            var found = cpr.ContentPart == newContentPart;\n                            return found;\n                        }).RelationshipId;\n\n                        return;\n                    }\n\n                    var newId = \"R\" + Guid.NewGuid().ToString().Replace(\"-\", \"\").Substring(0, 16);\n                    newContentPart.CreateRelationshipToPart(temp.ImagePart, newId);\n                    __imageReference.SetAttributeValue(attributeName, newId);__\n                }\n            }\n            else\n            {\n                ExternalRelationship er = oldContentPart.ExternalRelationships.FirstOrDefault(er1 => er1.Id == relId);\n                if (er != null)\n                {\n                    ExternalRelationship newEr = newContentPart.AddExternalRelationship(er.RelationshipType, er.Uri);\n                    imageReference.Attribute(R.id).Value = newEr.Id;\n                }\n                throw new DocumentBuilderInternalException(\"Source {0} is unsupported document - contains reference to NULL image\");\n            }\n        }\n```\n\nBest Regards\nTristan",
    "LastUpdatedDate": "2015-08-04T23:50:02.083-07:00",
    "PlannedForRelease": "",
    "ReleaseVisibleToPublic": false,
    "Priority": {
      "Name": "Unassigned",
      "Severity": 0,
      "Id": 0
    },
    "ProjectName": "PowerTools",
    "ReportedDate": "2015-08-04T06:27:57.773-07:00",
    "Status": {
      "Name": "Proposed",
      "Id": 1
    },
    "ReasonClosed": {
      "Name": "Unassigned"
    },
    "Summary": "Problem with images in Header/Footer",
    "Type": {
      "Name": "Unassigned",
      "Id": 5
    },
    "VoteCount": 1,
    "Id": 12165
  },
  "FileAttachments": [],
  "Comments": [
    {
      "Message": "Hi Tristan,\r\n\r\nThis is a good fix.  I appreciate it.\r\n\r\nGood news - I am moving PowerTools to GitHub.  I am projecting that this will be done in the next week or so.\r\n\r\nThen, you can fork the repo, create a branch, put your code in the branch, submit a pull request, and I'll be happy to merge it.  Is that acceptable?\r\n\r\nOne more thing - I have added a fair number of XUnit tests, including many for DocumentBuilder.  These will be in the xUnit repo.  It would be great if you would create XUnit tests that exercise the fixed functionality.\r\n\r\nWe're moving PowerTools into the future, and it will be great!\r\n\r\n-Eric",
      "PostedDate": "2015-08-04T08:56:49.977-07:00",
      "Id": -2147483648
    },
    {
      "Message": "\nHi Eric,\r\n\r\nthanks for your feedback. Its great to see that things are happing here :)\nI will gladly entry the fix into a branch, as soon as github is up and running.\r\n\r\nI will try and create a Unit-Test, but i am afraid I do not have the time at the moment.\r\n\r\nBest Regards,\nTristan",
      "PostedDate": "2015-08-04T23:50:02.083-07:00",
      "Id": -2147483648
    }
  ]
}