{
  "WorkItem": {
    "AffectedComponent": {
      "Name": "",
      "DisplayName": ""
    },
    "ClosedComment": "",
    "ClosedDate": null,
    "CommentCount": 0,
    "Custom": null,
    "Description": "There are two instances within the HTMLCONVERTER.cs file that can result in Object Not Set to an Instance of an Object (in the extension method GetXDocument(this OpenXmlPart part). These occur at lines:\n- 336/337\n- 366/367\n\nI modified the source to resolve the issue by validating that the StyleDefinitionsPart is not null before extracting the XDocument. \n\n```\nif (wordDoc.MainDocumentPart.StyleDefinitionsPart != null)\n\n```\nBelow are the changes i made from Lines 332 onwards.\n\n```\n                if (element.Name == W.p)\n                {\n                    string styleId = (string)element.Elements(W.pPr).Elements(W.pStyle)\n                        .Attributes(W.val).FirstOrDefault();\n                    if (wordDoc.MainDocumentPart.StyleDefinitionsPart != null)\n                    {\n                        XElement style = wordDoc.MainDocumentPart.StyleDefinitionsPart\n                            .GetXDocument().Root.Elements(W.style)\n                            .Where(s => (string)s.Attribute(W.styleId) == styleId)\n                            .FirstOrDefault();\n                        if (style != null)\n                        {\n                            int? outlineLevel = (int?)style.Elements(W.pPr)\n                                .Elements(W.outlineLvl).Attributes(W.val).FirstOrDefault();\n                            if (outlineLevel != null)\n                            {\n                                return new XElement(Xhtml.xhtml + string.Format(\"h{0}\",\n                                    outlineLevel + 1),\n                                    settings.CssClassPrefix != null ?\n                                        new XAttribute(HtmlNoNamespace._class,\n                                            settings.CssClassPrefix + styleId) : null,\n                                    ConvertEntities(ListItemRetriever.RetrieveListItem(wordDoc,\n                                        element, null)),\n                                    element.Elements().Select(e => ConvertToHtmlTransform(wordDoc,\n                                        settings, e, imageHandler)));\n                            }\n                        }\n                    }\n                }\n                \n                // Transform w:p to h:p.\n                if (element.Name == W.p)\n                {\n                    string styleId = (string)element.Elements(W.pPr).Elements(W.pStyle)\n                        .Attributes(W.val).FirstOrDefault();\n                    if (styleId == null)\n                    {\n                        if (wordDoc.MainDocumentPart.StyleDefinitionsPart != null)\n                        {\n                            styleId = (string)wordDoc.MainDocumentPart.StyleDefinitionsPart\n                                .GetXDocument().Root.Elements(W.style)\n                                .Where(e => (string)e.Attribute(W.type) == \"paragraph\" &&\n                                   (string)e.Attribute(W._default) == \"1\")\n                                .FirstOrDefault().Attributes(W.styleId).FirstOrDefault();\n                        }\n                    }\n```",
    "LastUpdatedDate": "2013-06-09T16:22:03.137-07:00",
    "PlannedForRelease": "",
    "ReleaseVisibleToPublic": false,
    "Priority": {
      "Name": "Unassigned",
      "Severity": 0,
      "Id": 0
    },
    "ProjectName": "PowerTools",
    "ReportedDate": "2013-06-09T16:22:03.137-07:00",
    "Status": {
      "Name": "Proposed",
      "Id": 1
    },
    "ReasonClosed": {
      "Name": "Unassigned"
    },
    "Summary": "Object Not Set to an Instance of an object. - HTMLCONVERTER.CS",
    "Type": {
      "Name": "Unassigned",
      "Id": 5
    },
    "VoteCount": 1,
    "Id": 11068
  },
  "FileAttachments": [],
  "Comments": []
}