[
  {
    "Id": "0",
    "Name": "PowerTools for OpenXml 2.1",
    "DevelopmentStatus": "Stable",
    "Description": "*Note: We have released [URL:PowerTools for Open XML 2.2|http://powertools.codeplex.com/releases/view/74771].  Please use that version instead of this one.*\n\nUpdated version of the PowerTools for OpenXml. The README file contains information about this new release.\n\nVideo: [url:Build and Run PowerTools 2.1 as a PowerShell Module|http://www.youtube.com/watch?v=6IQl_nggHb8]",
    "ReleasedDatge": "0001-01-01T00:00:00",
    "ModifiedDate": "2011-10-12T21:33:20.58-07:00",
    "Files": [
      {
        "Id": "28234fb7-daaf-449a-8c66-11e982b6e862",
        "FileName": "PowerTools 2.1.zip",
        "Url": "./0/28234fb7-daaf-449a-8c66-11e982b6e862",
        "Type": "Source Code",
        "UploadDate": "2011-10-05T05:39:55.29-07:00"
      }
    ]
  },
  {
    "Id": "1",
    "Name": "PowerTools for OpenXml 1.1.1",
    "DevelopmentStatus": "Stable",
    "Description": "Note:  See video: [url:Build and Run PowerTools 2.1 as a PowerShell Module|http://www.youtube.com/watch?v=6IQl_nggHb8]\n\nDocumentBuilder: Updated June 23, 2011.  Fix minor bugs in DocumentBuilder 2.0 in a few less common scenarios.\n\nDocumentBuilder: Updated June 21, 2011.  Complete re-write that increases robustness.  DocumentBuilder can handle many cases that it could not previously.\n\nMarkupSimplifier: Updated April 22, 2011.  Fixed bug where run-level content controls were not being removed.  Added more options to MarkupSimplifier.\n\nMarkupSimplifier: Updated February 8, 2010.  Updated to remove comment references.\n\nDocumentBuilder: Updated February 5, 2010.  Updated CopyEmbeddedObjects to account for both EmbeddedPackagePart and EmbeddedObjectPart.\n\nHtmlConverter: first version released January 28, 2010. \n\nRevisionAccepter: updated January 10, 2010.  Put class in the OpenXmlPowerTools namespace.  Renamed download from AcceptRevisions.zip to RevisionAccepter.zip.\n\nDocumentBuilder: updated January 8, 2010.  Modified to work with [url:Dec09 CTP of the Open XML SDK v2|http://www.microsoft.com/downloads/details.aspx?FamilyId=C6E744E5-36E9-45F5-8D8C-331DF206E0D0&displaylang=en]\n.  Fixed bug where images were written one byte too short.  Renamed from DocProc.zip to DocumentBuilder.zip.\n\nAdded code to avoid image duplication. Improved Keep Sections behavior. Check for no items when getting the maximum ID. Allow for documents with no style part or no font table part.\n\nRemoved source control linking from project.\n\nCommentMerger: updated August 11, fixed number of bugs, enhanced to merge comments on math formulas.\n\nAcceptRevision.zip: first release Sept 27, 2009",
    "ReleasedDatge": "0001-01-01T00:00:00",
    "ModifiedDate": "2011-10-06T22:25:29.143-07:00",
    "Files": [
      {
        "Id": "d4694239-5824-467a-ac01-dc8afcc086a5",
        "FileName": "DocumentBuilder-2-0.zip",
        "Url": "./1/d4694239-5824-467a-ac01-dc8afcc086a5",
        "Type": "Source Code",
        "UploadDate": "2011-06-22T11:35:17.433-07:00"
      },
      {
        "Id": "0670cb7c-1c43-4b9b-93a5-923154507b55",
        "FileName": "Open XML PowerTools.zip",
        "Url": "./1/0670cb7c-1c43-4b9b-93a5-923154507b55",
        "Type": "Source Code",
        "UploadDate": "2009-04-20T08:09:56.207-07:00"
      },
      {
        "Id": "608579ff-a3c3-4b7d-9042-4acde4fc3386",
        "FileName": "CommentMerger.zip",
        "Url": "./1/608579ff-a3c3-4b7d-9042-4acde4fc3386",
        "Type": "Source Code",
        "UploadDate": "2011-08-21T05:32:31.203-07:00"
      },
      {
        "Id": "b4e85b5f-db26-49d3-8fdc-49e6c26c53cf",
        "FileName": "DocumentBuilder.zip",
        "Url": "./1/b4e85b5f-db26-49d3-8fdc-49e6c26c53cf",
        "Type": "Example",
        "UploadDate": "2010-02-05T06:03:56.453-08:00"
      },
      {
        "Id": "93a9329f-0be1-42c8-afa0-dfc0cf6598f4",
        "FileName": "RevisionAccepter.zip",
        "Url": "./1/93a9329f-0be1-42c8-afa0-dfc0cf6598f4",
        "Type": "Application",
        "UploadDate": "2010-01-10T09:01:31.803-08:00"
      },
      {
        "Id": "3094d71f-40fa-408b-b451-b82b648a95dd",
        "FileName": "HtmlConverter.zip",
        "Url": "./1/3094d71f-40fa-408b-b451-b82b648a95dd",
        "Type": "Application",
        "UploadDate": "2011-04-22T05:41:55.827-07:00"
      },
      {
        "Id": "f18009af-921f-4cb1-92cb-081300881555",
        "FileName": "PowerTools_2.1.zip",
        "Url": "./1/f18009af-921f-4cb1-92cb-081300881555",
        "Type": "Source Code",
        "UploadDate": "2011-10-05T13:51:57.32-07:00"
      }
    ]
  },
  {
    "Id": "2",
    "Name": "PowerTools for OpenXML 1.1",
    "DevelopmentStatus": "Stable",
    "Description": "Updated version with bug fixes and new cmdlets. In particular, Merge-OpenXmlDocument allows you to create new documents from all or part of multiple source documents. Check the README for more details.\n\nUpdate: March 19, 2009 - updated DocProc.zip - fixed an bug where it didn't resolve issues with images in headers and footer.  The download {\"Open_XML_PowerTools.zip\"} already contains this fix.\n\nUpdate: March 27, 2009 - DocProc.zip - now contains the code to handle charts from the PowerTools.\n",
    "ReleasedDatge": "0001-01-01T00:00:00",
    "ModifiedDate": "2009-03-27T14:11:57.287-07:00",
    "Files": [
      {
        "Id": "7606152f-cf10-4aa3-82b7-ce08b91d8a52",
        "FileName": "Open XML PowerTools.zip",
        "Url": "./2/7606152f-cf10-4aa3-82b7-ce08b91d8a52",
        "Type": "Source Code",
        "UploadDate": "2009-03-19T06:36:03.237-07:00"
      },
      {
        "Id": "7d30e672-e4b2-4abb-809e-9320e705a483",
        "FileName": "DocProc.zip",
        "Url": "./2/7d30e672-e4b2-4abb-809e-9320e705a483",
        "Type": "Application",
        "UploadDate": "2009-03-27T14:10:23.35-07:00"
      }
    ]
  },
  {
    "Id": "3",
    "Name": "PowerTools for Open XML 1.0",
    "DevelopmentStatus": "Stable",
    "Description": "First release of the PowerTools cmdlets.",
    "ReleasedDatge": "0001-01-01T00:00:00",
    "ModifiedDate": "2009-02-04T17:29:55.823-08:00",
    "Files": [
      {
        "Id": "bb132fc2-de64-4875-80a9-77eb670ce665",
        "FileName": "Open XML Power Tools.zip",
        "Url": "./3/bb132fc2-de64-4875-80a9-77eb670ce665",
        "Type": "Source Code",
        "UploadDate": "2008-06-12T06:56:35.043-07:00"
      },
      {
        "Id": "264e37ec-7151-4218-a09b-e630905522a7",
        "FileName": "PowerTools for Open XML Screen-Cast Scripts.zip",
        "Url": "./3/264e37ec-7151-4218-a09b-e630905522a7",
        "Type": "Example",
        "UploadDate": "2008-06-11T08:01:19.497-07:00"
      },
      {
        "Id": "1d047cd4-1d90-43f2-927f-45f4d65d26a7",
        "FileName": "ImprovedBulkMailing.zip",
        "Url": "./3/1d047cd4-1d90-43f2-927f-45f4d65d26a7",
        "Type": "Source Code",
        "UploadDate": "2008-06-18T17:19:21.957-07:00"
      },
      {
        "Id": "56c9899d-ce9b-40ab-8ae7-fac654ac9c95",
        "FileName": "DocProc.zip",
        "Url": "./3/56c9899d-ce9b-40ab-8ae7-fac654ac9c95",
        "Type": "Example",
        "UploadDate": "2009-02-04T17:29:55.557-08:00"
      }
    ]
  },
  {
    "Id": "4",
    "Name": "PowerTools for OpenXML 3.0",
    "DevelopmentStatus": "Stable",
    "Description": "! PowerTools 4.0 has been released, and is now hosted on GitHub.\n\nYou can find the project at [GitHub.com/OfficeDev/Open-Xml-PowerTools|https://github.com/OfficeDev/Open-Xml-PowerTools].\n\nThe last zip file in the above list is\n\nNovember 13, 2015 - Version 4.1.3\n- For change log, see https://github.com/OfficeDev/Open-Xml-PowerTools\n\nJune 30, 2015 - Version 3.1.11\n- Added projects / solutions for building with the Open XML SDK 2.6.\n\nJune 16, 2015 - Version 3.1.10\n* Fixed Add-DocxText\n* Added Out-Xlsx Cmdlet\n* Refactored to include both advanced functions and C# Cmdlets\n\nApril 20, 2015 - Version 3.1.09\n* Fixed OpenXmlRegex.cs - PowerPoint 2007 / xml:space=preserve issue.\n\nFebruary 12, 2015 - Version 3.1.07\n* Added Merge-Pptx Cmdlet\n* Added New-Pptx Cmdlet\n* Added New-PmlDocument\n* Fixed help for Merge-Docx\n* Don't throw duplicate attribute exception when running FormattingAssembler.AssembleFormatting twice on same document.\n\nFebruary 7, 2015 - Version 3.1.06\n* Added Expand-DocxFormatting Cmdlet\n* Fixed so that Cmdlets do not keep handle to current directory\n* Added tests to Test-OxPtCmdlets\n\nJanuary 29, 2015 - Version 3.1.05\n* Support for numbered lists in Chinese language documents\n* Added {GetListItemText_zh_CN.cs}\n* Fixed {GetListItemText_fr_FR.cs}\n* Partially fixed {GetListItemText_ru_RU.cs}\n* Fixed {GetListItemText_Default.cs}\n* Added better support in ListItemRetriever.cs\n* Added FileUtils class in PtUtil.cs\n\nDecember 17, 2014 - Version 3.1.04\n* Added Get-DocxMetrics Cmdlet\n* Added New-WmlDocument Cmdlet\n* Added MetricsGetter.cs module\n* Added MettricsGetter01.cs module, along with sample documents\n* Reworked Add-DocxText, new style of using it with New-WmlDocument\n\nDecember 9, 2014 - Version 3.1.03\n* New core C# module: ChartUpdater.cs\n* New C# example: ChartUpdater01.cs\n* New Cmdlet: Test-OxPtCmdlets\n\nDecember 2, 2014 - Version 3.1.02\n* New Cmdlet: Add-DocxText\n\nNovember 23, 2014 - Version 3.1.01\n* New Cmdlet: Convert-DocxToHtml\n* New sample documents that demonstrate Asian and RTL languages with Convert-DocxToHtml\n\nNovember 16, 2014 - Version 3.1.00\n* New, simplified installation procedure\n* New FlatOPC Cmdlets\n* Misc fixes (see Readme.txt)\n\nOctober 29, 2014 - Version 3.0.00\n* Added new scripted cmdlets (Advanced Functions)\n* Screen-cast coming shortly\n\nJuly 18, 2014 - Version 2.7.04\n* Released OpenXmlRegex v 2.07.04 module\n\nMay 1, 2014 - Version 2.7.03\n* Support for RTL in HtmlConverter.cs\n\nApril 12, 2014 - Version 2.07.02\n* Fix to HtmlConverter.cs - fixes issue where tables do not render properly in some circumstances.\n\nApril 9, 2014 - Version 2.07.01\n* Updates to HtmlConverter.cs and FormattingAssembler.cs\n* Better rendering of list items.  (List item numbering was correct in 2.07.00 - formatting was incorrect in some cases.)\n* Better rendering of horizontal white space - indents, hanging indents, and first line indents.\n\nApril 3, 2014 - Version 2.07.00\n* Complete rewrite of ListItemRetriever.cs\n* Update to HtmlConverter.cs to better support RTL languages\n\nFebruary 14, 2014 - Version 2.06.03\n* Updated ListItemRetriever.cs\n* Released GetListItemText_tr_TR.cs\n\n* Fixed: Empty paragraphs were not counted properly\n* Fixed: Numbered styles were not processed properly if they derived from another style\n* Now has a dependency on FormattingAssembler.cs\n\nFebruary 7, 2014 - Version 2.06.02\n* Released HtmlConverter v 2.06.02 module\n\n* Fix issue where the table of contents was not being displayed properly.\n* Add support for w:contextualSpacing\n\nFebruary 3, 2014 - Version 2.06.01\n* Updated HtmlConverter.cs\n\n* Added language/culture name parameter to the GetListItemText methods.  This enables one implementation to handle more than one language/culture, where appropriate.\n\nJanuary 31, 2014 - Version 2.06.00\n* Released HtmlConverter v 2.06.00\n\n* Supports high fidelity conversion of WordprocessingML to HTML formatted with CSS.  See [url:http://bit.ly/1bclyg9]\n\nDecember 11, 2013 - Updated PresentationBuilder module\n\n* Added support for efficient use of images when multiple slides refer to the same image.\n\nNovember 24, 2013 - Updated PresentationBuilder module\n\nAdded support for:\n* Embedded Quick Time files\n* ActiveX controls\n* Embedded audio and video\n* MouseOver / Hover links that play sound\n* Custom XML parts\n* Legacy VML parts\n* Proper handling of custom \"shows\"\n* Legacy diagrams\n* Proper handling of empty presentations\n* Proper handling if no theme part\n* Rework for better error handling\n* More robust handling of embedded objects and packages\n* More robust handling of images\n* Embedded charts\n\n* Uses the Open XML SDK 2.5\n* Requires the .NET Framework 4.0\n\nNovember 11, 2013 - Added FormattingAssembler module.\n\nMay 7, 2013 - Updated PresentationBuilder - fixed bug where it could create an invalid presentation.\n\nJanuary 14, 2013 - Added PresentationBuilder.\n\nNovember 4, 2012 - Added spreadsheet formula example.\n\nOctober 25, 2012 - Fixed some problems with the pivot table configuration and getting cell values.\n\nApril 29, 2012 - Added pivot table configuration of rows, columns, filters and data values.\n\nApril 23, 2012 - Updated spreadsheet cell styles with lots of options.\n\nMarch 25, 2012 - New spreadsheet data generation with cell styles.\n\nFeb 8, 2012 - Patched problem with PowerTools Core 2.2.2\n\nVersion 2.2 of the source code.\n\nOct 25, 2011 - added DocumentBuilder-2-0.zip.  There is a minor bug fix to code that merges documents that contain numbered items.\n\nNov 9, 2011 - added Core code with examples of how to use from your own C# program.",
    "ReleasedDatge": "0001-01-01T00:00:00",
    "ModifiedDate": "2015-11-12T22:03:08.78-08:00",
    "Files": [
      {
        "Id": "ca6b786d-1cce-4332-ae5b-338b7a58b83a",
        "FileName": "Open-Xml-PowerTools-4-1-3.zip",
        "Url": "./4/ca6b786d-1cce-4332-ae5b-338b7a58b83a",
        "Type": "Source Code",
        "UploadDate": "2015-11-12T21:53:39.48-08:00"
      },
      {
        "Id": "69725a36-6c20-4871-b07e-3d2618c9dfa1",
        "FileName": "PowerTools 2.2.zip",
        "Url": "./4/69725a36-6c20-4871-b07e-3d2618c9dfa1",
        "Type": "Source Code",
        "UploadDate": "2011-10-10T01:24:11.22-07:00"
      },
      {
        "Id": "7a59805f-a7e9-4a02-85b1-9fe873c6c54b",
        "FileName": "OxPt-3-1-11.zip",
        "Url": "./4/7a59805f-a7e9-4a02-85b1-9fe873c6c54b",
        "Type": "Source Code",
        "UploadDate": "2015-06-30T00:56:44.49-07:00"
      }
    ]
  }
]